,hypernym,term,tree_id,train_test_split
0,役用犬,看家狗,0,train
1,役用犬,突发症警示犬,0,train
2,役用犬,爱斯基摩犬,0,train
3,役用犬,丹麦大狗,0,train
4,役用犬,斗牛獒犬,0,train
5,役用犬,导盲犬,0,train
6,役用犬,拳师狗,0,train
7,役用犬,叭喇狗,0,train
8,役用犬,大驯犬,0,train
9,役用犬,警犬,0,train
10,役用犬,牧羊犬,0,train
11,役用犬,导聋犬,0,train
12,役用犬,拉雪橇的狗,0,train
13,看家狗,军犬,0,train
14,看家狗,比利时种小狗,0,train
15,看家狗,家犬,0,train
16,看家狗,白警犬,0,train
17,看家狗,杜宾犬,0,train
18,叭喇狗,法国叭喇狗,0,train
19,大驯犬,藏獒,0,train
20,牧羊犬,罗特韦尔狗,0,train
21,牧羊犬,博得牧羊犬,0,train
22,牧羊犬,伯瑞牧羊犬,0,train
23,牧羊犬,比利时牧羊犬,0,train
24,牧羊犬,设得兰牧羊犬,0,train
25,牧羊犬,柯利狗,0,train
26,牧羊犬,德种牧羊狗,0,train
27,拉雪橇的狗,北极犬,0,train
28,杜宾犬,小种品舍狗,0,train
29,杜宾犬,艾芬品猴梗,0,train
30,杜宾犬,杜宾犬,0,train
31,比利时牧羊犬,玛伦牧羊犬,0,train
32,比利时牧羊犬,比利时牧羊狗,0,train
33,脉翅目昆虫,蛇蛉,1,train
34,脉翅目昆虫,草蛉,1,train
35,脉翅目昆虫,蚁蛉,1,train
36,脉翅目昆虫,蛇蜻蜓,1,train
37,脉翅目昆虫,泥蛉,1,train
38,脉翅目昆虫,鱼蛉,1,train
39,脉翅目昆虫,螳蛉,1,train
40,草蛉,褐蛉,1,train
41,草蛉,草蛉虫,1,train
42,草蛉虫,金眼蝇,1,train
43,判断,裁定,11,train
44,吸引力,地球引力,112,train
45,吸引力,化合力,112,train
46,通信,明信片,113,train
47,明信片,明信片,113,train
48,数字,八,115,train
49,数字,数目1,115,train
50,数字,八进制数,115,train
51,数字,〇,115,train
52,数字,有效位数,115,train
53,数字,七,115,train
54,数字,四,115,train
55,数字,二,115,train
56,数字,三,115,train
57,数字,五,115,train
58,数字,六,115,train
59,数字,二进制数,115,train
60,数字,九,115,train
61,数目1,一个,115,train
62,数目1,单子,115,train
63,二,双骰儿赌,115,train
64,二,一对,115,train
65,一对,双张,115,train
66,存放款金融机构,代理银行,117,train
67,存放款金融机构,让受方,117,train
68,害怕,恐怖,118,train
69,害怕,不安,118,train
70,军事设施,武器库,119,train
71,军事设施,司令部,119,train
72,军事设施,兵营,119,train
73,军事设施,兵工厂,119,train
74,军事设施,基地,119,train
75,武器库,炮台,119,train
76,司令部,战地指挥所,119,train
77,司令部,禁闭室,119,train
78,兵营,堡垒,119,train
79,基地,重火力点,119,train
80,基地,空军基地,119,train
81,基地,军事基地,119,train
82,开关,整流器,123,train
83,开关,断流器,123,train
84,开关,按钮,123,train
85,开关,引火开关,123,train
86,按钮,喇叭按钮,123,train
87,按钮,电铃按钮,123,train
88,按钮,门铃,123,train
89,化学族,丁基,124,train
90,化学族,偶氮基,124,train
91,化学族,羰基,124,train
92,化学族,亚硝酸根,124,train
93,化学族,羧基,124,train
94,化学族,叠氮自由基,124,train
95,化学族,酰基,124,train
96,化学族,苯基,124,train
97,化学族,醛基,124,train
98,化学族,二甲胂,124,train
99,化学族,苯酰基,124,train
100,化学族,丙基,124,train
101,化学族,烃基,124,train
102,化学族,硝基,124,train
103,化学族,氨基,124,train
104,化学族,丙三基,124,train
105,化学族,烯丙基,124,train
106,化学族,氰基,124,train
107,化学族,苯甲基,124,train
108,化学族,发色团,124,train
109,亚硝酸根,亚硝酸钠,124,train
110,酰基,乙酰基,124,train
111,烃基,乙基,124,train
112,水晶,玉髓,125,train
113,水晶,紫水晶,125,train
114,水晶,茶晶,125,train
115,水晶,水晶,125,train
116,水晶,烟水晶,125,train
117,水晶,矿金石,125,train
118,水晶,玫瑰晶,125,train
119,水晶,莱茵石,125,train
120,玉髓,鸡血石,125,train
121,玉髓,深绿玉髓,125,train
122,玉髓,红玉髓,125,train
123,玉髓,光玉髓,125,train
124,玉髓,绿玉髓,125,train
125,玉髓,玛瑙,125,train
126,矿金石,嵌有黄铜粉的茶色玻璃,125,train
127,玛瑙,藓纹玛瑙,125,train
128,核反应,衰变,127,train
129,核反应,核子融合,127,train
130,核反应,收能反应,127,train
131,核反应,分裂,127,train
132,核反应,放能核反应,127,train
133,核反应,核分裂,127,train
134,核反应,链反应,127,train
135,衰变,β衰变,127,train
136,衰变,蜕变,127,train
137,核子融合,低温核融合,127,train
138,核子融合,热核反应,127,train
139,热核反应,热核反应,127,train
140,报警系统,自动报警器,129,train
141,报警系统,火警报警器,129,train
142,报警系统,喇叭,129,train
143,报警系统,警报器,129,train
144,警报器,雾号,129,train
145,警报器,气喇叭,129,train
146,警报器,喇叭,129,train
147,雾号,雾笛,129,train
148,率,动态粘滞度,13,train
149,率,透射,13,train
150,率,拖拽系数,13,train
151,率,自感,13,train
152,率,权,13,train
153,率,吸收比,13,train
154,率,反射比,13,train
155,率,模数,13,train
156,率,电感系数,13,train
157,率,摩擦系数,13,train
158,率,膨胀系数,13,train
159,模数,弹性系数,13,train
160,弹性系数,体积弹性模量,13,train
161,弹性系数,刚性模数,13,train
162,弹性系数,弹性模量,13,train
163,皮炎,脂溢性皮炎,130,train
164,皮炎,光化性皮炎,130,train
165,皮炎,乳痂,130,train
166,皮炎,金丝桃素,130,train
167,皮炎,血吸虫皮炎,130,train
168,皮炎,神经性皮炎,130,train
169,皮炎,尿布皮炎,130,train
170,皮炎,接触性皮炎,130,train
171,接触性皮炎,漆树皮炎,130,train
172,漆树皮炎,毒藤皮疹,130,train
173,餐,自助餐,135,train
174,餐,早餐,135,train
175,餐,午餐,135,train
176,餐,宴会,135,train
177,餐,小吃,135,train
178,餐,正餐,135,train
179,贫血,缺铁性贫血,137,train
180,贫血,增多病,137,train
181,贫血,局部缺血,137,train
182,贫血,恶性贫血,137,train
183,贫血,范康尼贫血,137,train
184,贫血,难治性贫血,137,train
185,贫血,贫血,137,train
186,贫血,溶血性贫血,137,train
187,贫血,蚕豆病,137,train
188,贫血,地中海贫血,137,train
189,缺铁性贫血,缺绿病,137,train
190,局部缺血,短暂性脑缺血,137,train
191,局部缺血,缺血性中风,137,train
192,恶性贫血,化生性贫血,137,train
193,地中海贫血,库利氏贫血,137,train
194,婚姻状况,守寡,138,train
195,婚姻状况,公民结合,138,train
196,婚姻状况,未婚,138,train
197,婚姻状况,婚姻,138,train
198,婚姻状况,独身,138,train
199,婚姻,同部族婚姻,138,train
200,婚姻,开放婚姻,138,train
201,婚姻,异族结婚,138,train
202,婚姻,普通法婚姻,138,train
203,婚姻,一夫多妻,138,train
204,婚姻,一夫一妻制,138,train
205,婚姻,重婚,138,train
206,婚姻,利益婚姻,138,train
207,婚姻,一夫制,138,train
208,一夫多妻,一妻多夫,138,train
209,一夫多妻,一夫多妻,138,train
210,一夫一妻制,一夫一妻制,138,train
211,一夫一妻制,一妻制,138,train
212,耦合器,U形钩,143,train
213,耦合器,离合器,143,train
214,耦合器,液体传动,143,train
215,离合器,自由飞轮,143,train
216,离合器,摩擦离合器,143,train
217,摩擦离合器,圆盘离合器,143,train
218,虫,毛颚类海虫,145,train
219,虫,环节动物,145,train
220,虫,棘头虫,145,train
221,环节动物,原环虫类,145,train
222,环节动物,寡毛纲,145,train
223,环节动物,多毛目环节动物,145,train
224,环节动物,吸血动物,145,train
225,寡毛纲,蚯蚓,145,train
226,多毛目环节动物,沙蚕,145,train
227,多毛目环节动物,鳞沙蚕,145,train
228,多毛目环节动物,红虫,145,train
229,吸血动物,药用水蛭,145,train
230,吸血动物,马蝗,145,train
231,投机,打赌,147,train
232,优势,垄断,148,train
233,优势,被统治,148,train
234,优势,专制政治,148,train
235,优势,主权,148,train
236,优势,主要地位,148,train
237,优势,最高权力,148,train
238,优势,优势,148,train
239,主权,统治,148,train
240,主权,宗主地位,148,train
241,主权,最高权威,148,train
242,主权,君主统治,148,train
243,最高权力,卓越,148,train
244,君主统治,君权,148,train
245,业务关系,指导关系,149,train
246,业务关系,医患关系,149,train
247,业务关系,法律关系,149,train
248,指导关系,师生关系,149,train
249,医患关系,护患关系,149,train
250,医患关系,医患关系,149,train
251,法律关系,委托关系,149,train
252,委托关系,顾问关系,149,train
253,委托关系,合作关系,149,train
254,委托关系,债务关系,149,train
255,委托关系,监护者义务,149,train
256,配制品,上光剂,155,train
257,配制品,甘油明胶,155,train
258,配制品,嗅盐,155,train
259,配制品,去污剂,155,train
260,上光剂,汽车蜡,155,train
261,上光剂,鞋油,155,train
262,去污剂,牙粉,155,train
263,去污剂,清洁剂,155,train
264,去污剂,肥皂,155,train
265,去污剂,浴室清洁,155,train
266,清洁剂,洗涤液,155,train
267,清洁剂,洗衣粉,155,train
268,肥皂,液体肥皂,155,train
269,肥皂,条状肥皂,155,train
270,肥皂,橄榄香皂,155,train
271,学识,经历,161,train
272,派,苹果派,163,train
273,椅子,草坪躺椅,164,train
274,椅子,梯式靠背椅,164,train
275,椅子,折叠椅,164,train
276,椅子,躺倚,164,train
277,椅子,埃姆斯椅,164,train
278,椅子,钓鱼椅,164,train
279,椅子,扶手椅,164,train
280,椅子,理发椅,164,train
281,椅子,高椅,164,train
282,折叠椅,甲板躺椅,164,train
283,折叠椅,轻便折椅,164,train
284,扶手椅,太师椅,164,train
285,扶手椅,沙发椅,164,train
286,扶手椅,船长椅,164,train
287,扶手椅,安乐椅,164,train
288,雕刻品,五瓣花饰,169,train
289,雕刻品,雕刻艺术,169,train
290,雕刻艺术,浅型浮雕,169,train
291,雕刻艺术,宝石雕刻术,169,train
292,雕刻艺术,浮雕,169,train
293,雕刻艺术,凹雕,169,train
294,浅型浮雕,凸雕,169,train
295,教导,课,17,train
296,课,研究会,17,train
297,课,成人教育,17,train
298,课,专题讨论会,17,train
299,课,美术课,17,train
300,引诱物,带钩的鱼饵,170,train
301,引诱物,鱼饵,170,train
302,带钩的鱼饵,假蝇饵,170,train
303,假蝇饵,假蝇,170,train
304,控制药物,大麻,174,train
305,控制药物,致瘾的麻醉品,174,train
306,控制药物,麦角酰二乙胺,174,train
307,控制药物,俱乐部毒品,174,train
308,控制药物,中枢兴奋药,174,train
309,大麻,大麻,174,train
310,大麻,金叶大麻,174,train
311,致瘾的麻醉品,二乙酰吗啡,174,train
312,致瘾的麻醉品,古柯碱,174,train
313,麦角酰二乙胺,迷幻药,174,train
314,俱乐部毒品,麻醉剂,174,train
315,俱乐部毒品,摇头丸,174,train
316,俱乐部毒品,凯特明,174,train
317,俱乐部毒品,洛海普诺,174,train
318,二乙酰吗啡,海洛因,174,train
319,古柯碱,强效纯可卡因,174,train
320,古柯碱,可卡因,174,train
321,摇头丸,摇头丸,174,train
322,凯特明,克他命,174,train
323,海雀,大海鸟,177,train
324,海雀,刀嘴海雀,177,train
325,海雀,海雀,177,train
326,海雀,小海雀,177,train
327,海雀,小海鸟,177,train
328,海雀,海鸠,177,train
329,海雀,海鸦,177,train
330,海雀,海鸽,177,train
331,海鸦,厚嘴海鸦,177,train
332,海鸦,海鸦,177,train
333,成就,读写能力,178,train
334,成就,工艺,178,train
335,动乱,暴行,18,train
336,动乱,无秩序,18,train
337,动乱,不一致,18,train
338,动乱,喧闹,18,train
339,动乱,不稳固,18,train
340,动乱,动荡,18,train
341,动乱,无政府状态,18,train
342,动乱,动乱,18,train
343,动乱,暴力,18,train
344,动乱,急速变化,18,train
345,动乱,愤怒,18,train
346,无秩序,杂乱,18,train
347,无秩序,吵闹,18,train
348,无秩序,大混乱,18,train
349,无秩序,士气消沉,18,train
350,动荡,动乱,18,train
351,动荡,动乱中心,18,train
352,动荡,地震,18,train
353,动荡,剧变,18,train
354,动荡,大动乱,18,train
355,动荡,事件,18,train
356,无政府状态,怀疑论,18,train
357,大混乱,混乱,18,train
358,暴力,狂暴,18,train
359,苹果树,欧洲苹果树,180,train
360,苹果树,苹果,180,train
361,苹果树,野苹果,180,train
362,欧洲苹果树,山丁子,180,train
363,野苹果,欧洲野苹果,180,train
364,裂开的状态,棰间板疝气,181,train
365,裂开的状态,小肠串气,181,train
366,小肠串气,脐突出,181,train
367,小肠串气,憩室,181,train
368,小肠串气,腹脏突出,181,train
369,小肠串气,阴道疝,181,train
370,小肠串气,脂肪疝,181,train
371,小肠串气,角膜深层突出,181,train
372,小肠串气,腹股沟疝气,181,train
373,小肠串气,裂口疝,181,train
374,憩室,迈克尔氏憩室,181,train
375,阴道疝,直肠突出,181,train
376,阴道疝,膀胱突出症,181,train
377,结,渔人结,182,train
378,结,同心结,182,train
379,结,头饰,182,train
380,结,蝴蝶结,182,train
381,结,戈尔迪之结,182,train
382,结,结,182,train
383,结,丁香结,182,train
384,结,半结,182,train
385,结,8字形,182,train
386,结,管结,182,train
387,结,绳结,182,train
388,结,单花钩结,182,train
389,头饰,单套结,182,train
390,保险,拯救,183,train
391,保险,不会受伤害,183,train
392,保险,无风险,183,train
393,保险,保卫,183,train
394,保险,生物安全,183,train
395,保卫,和睦,183,train
396,保卫,保卫,183,train
397,保卫,安全,183,train
398,保卫,保险,183,train
399,保卫,放射防护,183,train
400,屋顶,复折形屋顶,187,train
401,屋顶,圆屋顶,187,train
402,屋顶,鞍状屋顶,187,train
403,屋顶,四坡屋顶,187,train
404,屋顶,屋顶,187,train
405,圆屋顶,穹顶,187,train
406,圆屋顶,网格球形穹顶,187,train
407,圆屋顶,天体观测室,187,train
408,鞍状屋顶,复折式屋顶,187,train
409,成功,喜悦,189,train
410,支撑,横杆,19,train
411,支撑,支索,19,train
412,支撑,结点板,19,train
413,横杆,横木,19,train
414,横杆,横档,19,train
415,硬币,硬币,190,train
416,硬币,达布隆,190,train
417,硬币,三便士,190,train
418,硬币,五元金币,190,train
419,硬币,零钱,190,train
420,硬币,六便士,190,train
421,硬币,几尼,190,train
422,硬币,一角银币,190,train
423,硬币,半便士,190,train
424,硬币,法寻,190,train
425,硬币,达克特,190,train
426,硬币,银鹰徽金币,190,train
427,硬币,一分,190,train
428,硬币,二角五分硬币,190,train
429,硬币,西班牙古银币,190,train
430,硬币,两便士,190,train
431,硬币,五便士,190,train
432,硬币,金银币,190,train
433,硬币,五分钱,190,train
434,硬币,十便士,190,train
435,硬币,八便士,190,train
436,硬币,四便士,190,train
437,硬币,九便士,190,train
438,硬币,无价值之物,190,train
439,硬币,路易金元,190,train
440,硬币,丹尼尔,190,train
441,硬币,五角硬币,190,train
442,硬币,古代罗马金币,190,train
443,硬币,一先令硬币,190,train
444,硬币,五先令,190,train
445,一分,铜币,190,train
446,比例,比例,191,train
447,比例,比率,191,train
448,比例,感染发生比例,191,train
449,比例,黄金分割,191,train
450,比例,击球率,191,train
451,比率,空房率,191,train
452,比率,失业率,191,train
453,比率,居住率,191,train
454,比率,缺勤率,191,train
455,居住率,酒店入住率,191,train
456,居住率,病床住用率,191,train
457,储备,储备基金,192,train
458,储备,储备金,192,train
459,储备,燃油油位,192,train
460,储备基金,集合基金,192,train
461,储备基金,秘密公积金,192,train
462,储备基金,评价准备金,192,train
463,储备金,血库,192,train
464,储备金,眼库,192,train
465,储备金,粮食银行,192,train
466,储备金,土地银行,192,train
467,秘密公积金,管理储备金,192,train
468,葡萄糖甙,毒毛旋花甙,194,train
469,葡萄糖甙,葡萄糖苷,194,train
470,葡萄糖苷,扁桃苷,194,train
471,葡萄糖苷,皂素,194,train
472,扁桃苷,扁桃苷制剂,194,train
473,钢,表面渗碳硬化钢,195,train
474,钢,结构钢,195,train
475,钢,大马士革钢,195,train
476,钢,合金钢,195,train
477,钢,碳素钢,195,train
478,钢,奥氏体钢,195,train
479,钢,凿钢,195,train
480,钢,坩埚钢,195,train
481,合金钢,铬钨钢,195,train
482,合金钢,不锈钢,195,train
483,碳素钢,共析钢,195,train
484,碳素钢,钻杆,195,train
485,评判员,推事,196,train
486,排泄物,小便,2,train
487,排泄物,大便,2,train
488,排泄物,呕吐物,2,train
489,排泄物,蚯蚓粪,2,train
490,排泄物,人类粪便,2,train
491,排泄物,虫粪,2,train
492,排泄物,海鸟粪,2,train
493,大便,屎,2,train
494,大便,黑粪症,2,train
495,大便,胎便,2,train
496,大便,大便,2,train
497,屎,牛粪,2,train
498,屎,鸽子粪便,2,train
499,尿路病,肾病,20,train
500,肾病,多囊肾,20,train
501,肾病,肾功能不全,20,train
502,肾病,肾衰竭,20,train
503,肾病,多尿,20,train
504,肾病,肾炎,20,train
505,肾病,肾硬化,20,train
506,肾炎,肾小球性肾炎,20,train
507,饱和脂肪酸,辛酸,204,train
508,饱和脂肪酸,丁酸,204,train
509,饱和脂肪酸,硬脂酸,204,train
510,饱和脂肪酸,己酸,204,train
511,饱和脂肪酸,癸酸,204,train
512,饱和脂肪酸,十七烷酸,204,train
513,皮,漆皮,21,train
514,皮,细亚绒绵羊手套革,21,train
515,皮,手套皮,21,train
516,皮,植鞣绒面革,21,train
517,皮,鹿皮,21,train
518,皮,科尔瓦多皮革,21,train
519,皮,柔软的羊皮,21,train
520,皮,羔皮,21,train
521,皮,牛皮,21,train
522,皮,白革,21,train
523,皮,猪皮,21,train
524,皮,马革,21,train
525,皮,绒面革,21,train
526,皮,俄罗斯皮革,21,train
527,皮,带毛绵羊革,21,train
528,皮,仿植鞣山羊搓纹革,21,train
529,皮,鹿皮或山羊皮,21,train
530,皮,小山羊皮,21,train
531,皮,短吻鳄皮革,21,train
532,皮,制鞋皮革,21,train
533,皮,压光皮革,21,train
534,皮,小牛皮,21,train
535,羔皮,可洗皮革,21,train
536,带毛绵羊革,金羊毛,21,train
537,仿植鞣山羊搓纹革,上等摩洛哥纹皮,21,train
538,小牛皮,皮犊纹皮,21,train
539,土,泥灰土,210,train
540,土,沉积粘土,210,train
541,土,冲积土,210,train
542,土,岩层土,210,train
543,土,漂白土,210,train
544,土,硬化粘土,210,train
545,土,砂砾层,210,train
546,土,上层土,210,train
547,土,灰化土,210,train
548,土,沼泽土,210,train
549,土,粘土,210,train
550,土,底土,210,train
551,土,红玄武土,210,train
552,土,淤泥,210,train
553,土,残积土,210,train
554,土,泥,210,train
555,土,普列利土,210,train
556,土,荒漠土,210,train
557,土,沙,210,train
558,粘土,火泥,210,train
559,粘土,粘土,210,train
560,粘土,涂料,210,train
561,粘土,猫砂,210,train
562,粘土,白粘土,210,train
563,粘土,膨润土,210,train
564,粘土,白土,210,train
565,粘土,瓷土,210,train
566,粘土,多孔粘土,210,train
567,粘土,陶饰土,210,train
568,泥,泥团,210,train
569,泥,漂白土,210,train
570,电声传感器,喇叭,215,train
571,电声传感器,扩音器,215,train
572,电声传感器,唱臂,215,train
573,电声传感器,受话器,215,train
574,喇叭,手提式扩音器,215,train
575,扩音器,晶体传声器,215,train
576,扩音器,窃听器,215,train
577,扩音器,电容麦克风,215,train
578,唱臂,晶体拾音器,215,train
579,软甲亚纲动物,等脚类的动物,217,train
580,软甲亚纲动物,磷虾,217,train
581,软甲亚纲动物,异脚类,217,train
582,软甲亚纲动物,糠虾,217,train
583,等脚类的动物,海岸水虱,217,train
584,等脚类的动物,潮虫,217,train
585,磷虾,太平洋磷虾,217,train
586,异脚类,鲸虱,217,train
587,异脚类,排骨虾,217,train
588,异脚类,沙蚤,217,train
589,潮虫,潮虫,217,train
590,潮虫,丸虾,217,train
591,抗病毒物质,干扰素,218,train
592,干扰素,α干扰素,218,train
593,干扰素,γ干扰素,218,train
594,干扰素,β干扰素,218,train
595,胺,尸毒,219,train
596,胺,烯胺,219,train
597,胺,苯胺,219,train
598,尸毒,腐胺,219,train
599,命令,禁令,222,train
600,单壳软体动物,片状毛坯,223,train
601,单壳软体动物,海螺,223,train
602,单壳软体动物,气泡壳,223,train
603,单壳软体动物,宝贝,223,train
604,单壳软体动物,圆基,223,train
605,单壳软体动物,海兔,223,train
606,单壳软体动物,无板亚纲,223,train
607,单壳软体动物,蜗牛,223,train
608,单壳软体动物,海参,223,train
609,单壳软体动物,大鲍,223,train
610,单壳软体动物,盾螺,223,train
611,海螺,大凤螺,223,train
612,海螺,蜒螺,223,train
613,海螺,海月贝,223,train
614,海螺,帽贝,223,train
615,海螺,食用螺,223,train
616,海螺,嵌线螺科,223,train
617,海螺,峨螺,223,train
618,宝贝,虎斑宝贝,223,train
619,宝贝,贝币,223,train
620,蜗牛,食用蜗牛,223,train
621,海参,海蛤蝓,223,train
622,大鲍,石决明,223,train
623,蜒螺,河蜑螺属,223,train
624,蜒螺,蜒螺,223,train
625,蜒螺,血齿蜒螺,223,train
626,帽贝,帽贝,223,train
627,帽贝,透孔螺,223,train
628,函数,坐标转换,224,train
629,函数,度量,224,train
630,函数,三角函数,224,train
631,函数,阈函数,224,train
632,函数,反函数,224,train
633,函数,等距,224,train
634,函数,指数函数,224,train
635,函数,克罗内克函数,224,train
636,函数,算子,224,train
637,坐标转换,坐标转换,224,train
638,坐标转换,仿射变换,224,train
639,坐标转换,转换,224,train
640,坐标转换,旋转,224,train
641,三角函数,正切,224,train
642,三角函数,正割,224,train
643,三角函数,正弦,224,train
644,三角函数,余切,224,train
645,三角函数,余弦,224,train
646,三角函数,余割,224,train
647,算子,线性运算符,224,train
648,算子,恒等式,224,train
649,必要,不足,225,train
650,必要,必需品,225,train
651,不足,银根紧,225,train
652,不足,缺少矿物质,225,train
653,不足,缺乏,225,train
654,不足,不在,225,train
655,必需品,紧急,225,train
656,必需品,必须的,225,train
657,缺少矿物质,铁质缺乏,225,train
658,不在,不发生,225,train
659,紧急,临界状态,225,train
660,紧急,仓促,225,train
661,紧急,急迫,225,train
662,覆盖材料,玻璃丝,227,train
663,覆盖材料,胶土,227,train
664,覆盖材料,灰泥,227,train
665,灰泥,面涂层,227,train
666,灰泥,灰泥,227,train
667,灰泥,抹墙粉,227,train
668,灰泥,毛坯,227,train
669,灰泥,水泥浆,227,train
670,阔鼻猴,松鼠猴,24,train
671,阔鼻猴,吼猴,24,train
672,阔鼻猴,伶猴,24,train
673,阔鼻猴,秃猴,24,train
674,阔鼻猴,卷尾猴,24,train
675,阔鼻猴,兔猴,24,train
676,阔鼻猴,小猿,24,train
677,阔鼻猴,蛛猴,24,train
678,阔鼻猴,粗尾猿,24,train
679,阔鼻猴,夜猴,24,train
680,小猿,小绢猴,24,train
681,小猿,倭狨,24,train
682,小猿,狨,24,train
683,小绢猴,狮狨,24,train
684,小绢猴,獠牙狨,24,train
685,坚果,小坚果,241,train
686,坚果,棕榈仁,241,train
687,小坚果,分核,241,train
688,发作,焦点发作,243,train
689,发作,癫痫小发作,243,train
690,发作,痉挛,243,train
691,癫痫小发作,亚临床损伤,243,train
692,痉挛,癫痫发作,243,train
693,痉挛,抽筋,243,train
694,癫痫发作,大发作,243,train
695,癫痫发作,癫痫小发作,243,train
696,措辞,咨询和同意,244,train
697,措辞,有关解剖学的表达,244,train
698,措辞,模棱两可的表达,244,train
699,措辞,口号,244,train
700,模棱两可的表达,模棱两可的言词,244,train
701,配件,煤气装置,247,train
702,卡车,消防车,248,train
703,卡车,货车,248,train
704,卡车,垃圾车,248,train
705,卡车,自倾货车,248,train
706,卡车,卡车,248,train
707,货车,送奶车,248,train
708,货车,汽车图书馆,248,train
709,货车,衣物运送车,248,train
710,住宅,艏楼,25,train
711,住宅,闺房,25,train
712,住宅,寄宿处,25,train
713,住宅,住处,25,train
714,住宅,学生宿舍,25,train
715,住处,公寓,25,train
716,住处,一流的铺位,25,train
717,住处,二等舱,25,train
718,学生宿舍,大学公寓,25,train
719,公寓,小客栈,25,train
720,心境,不幸福,251,train
721,心境,好运气,251,train
722,心境,兴高采烈,251,train
723,心境,困窘,251,train
724,心境,动荡,251,train
725,心境,满意,251,train
726,不幸福,愤懑,251,train
727,不幸福,伤心,251,train
728,好运气,容光焕发,251,train
729,好运气,幸福,251,train
730,满意,生活质量,251,train
731,伤心,刻薄,251,train
732,伤心,丧亲,251,train
733,幸福,入寂,251,train
734,心理学,应用心理学,252,train
735,心理学,病态心理学,252,train
736,机能不良,瘫痪,254,train
737,机能不良,勃起功能障碍,254,train
738,瘫痪,哑,254,train
739,瘫痪,无动力,254,train
740,瘫痪,四肢瘫痪,254,train
741,瘫痪,欧勃氏麻痹,254,train
742,瘫痪,局部麻痹,254,train
743,瘫痪,偏瘫,254,train
744,瘫痪,膀胱麻痹,254,train
745,瘫痪,眼肌瘫痪,254,train
746,瘫痪,两侧麻痹,254,train
747,瘫痪,单瘫,254,train
748,瘫痪,下身麻痹,254,train
749,局部麻痹,下肢轻瘫,254,train
750,换相,液化,255,train
751,换相,熔化,255,train
752,换相,汽化,255,train
753,换相,凝固,255,train
754,液化,溶解,255,train
755,汽化,暗晦,255,train
756,汽化,沸腾,255,train
757,汽化,冒烟,255,train
758,凝固,冷冻干燥法,255,train
759,凝固,结霜,255,train
760,沸腾,煎煮,255,train
761,调查员,理赔代理人,256,train
762,调查员,检查员,256,train
763,发育不良,异常增大,257,train
764,发育不良,发育不全,257,train
765,发育不良,增生,257,train
766,发育不良,先天萎缩,257,train
767,发育不良,异常增殖症,257,train
768,发育不良,退行发育,257,train
769,异常增大,巨指,257,train
770,异常增大,脾大,257,train
771,异常增大,巨大症,257,train
772,异常增大,肺源性心脏病,257,train
773,异常增大,腺体增大,257,train
774,异常增大,象皮病,257,train
775,异常增大,肢端肥大症,257,train
776,增生,前列腺增生症,257,train
777,象皮病,阴囊象皮病,257,train
778,象皮病,皮肤肥厚,257,train
779,职业,飞机技工,258,train
780,摘要,草拟,26,train
781,摘要,大意,26,train
782,摘要,总的看法,26,train
783,摘要,论点,26,train
784,大意,梗概,26,train
785,电池,燃料电池,260,train
786,电池,电解电池,260,train
787,操作,同步运作,263,train
788,操作,搜索,263,train
789,操作,固定周期运算,263,train
790,操作,二操作数运算,263,train
791,操作,串行操作,263,train
792,操作,阈值的运算,263,train
793,操作,控制操作,263,train
794,操作,辅助作业,263,train
795,操作,二元运算,263,train
796,操作,平行运作,263,train
797,操作,显示,263,train
798,操作,分选作用,263,train
799,操作,计算机操作,263,train
800,操作,多线操作,263,train
801,操作,异步操作,263,train
802,操作,逻辑操作,263,train
803,操作,同时操作,263,train
804,操作,一元运算,263,train
805,操作,存储器存取,263,train
806,阈值的运算,四舍五入,263,train
807,显示,换行,263,train
808,显示,回车,263,train
809,计算机操作,浮点运算,263,train
810,计算机操作,存储,263,train
811,计算机操作,检索,263,train
812,存储器存取,磁盘,263,train
813,检索,检索资料,263,train
814,皮带,鞭梢,264,train
815,脚,前足,266,train
816,脚,爪,266,train
817,脚,蹼足,266,train
818,脚,猪脚,266,train
819,脚,后足,266,train
820,脚,蹄,266,train
821,脚,鸟爪,266,train
822,爪,前爪,266,train
823,蹄,马蹄,266,train
824,蹄,偶蹄,266,train
825,鸟爪,有蹼的脚,266,train
826,鸟爪,蹼足,266,train
827,鸟爪,爪,266,train
828,前爪,手,266,train
829,餐具,杯,271,train
830,餐具,蛋杯,271,train
831,餐具,瓷制的餐具,271,train
832,餐具,盘,271,train
833,杯,纸杯,271,train
834,杯,圣餐杯,271,train
835,杯,双柄杯,271,train
836,杯,咖啡杯,271,train
837,杯,祝酒杯,271,train
838,杯,大杯,271,train
839,盘,黄油盘,271,train
840,盘,船形碟,271,train
841,盘,焙盘,271,train
842,盘,贝壳碟,271,train
843,盘,碗,271,train
844,圣餐杯,圣杯,271,train
845,咖啡杯,小型咖啡杯,271,train
846,碗,谷物碗,271,train
847,碗,洗手碗,271,train
848,全身麻醉,麻醉气体,275,train
849,全身麻醉,凯特明,275,train
850,麻醉气体,三氟溴氯乙烷,275,train
851,麻醉气体,环丙烷,275,train
852,麻醉气体,异氟烷,275,train
853,麻醉气体,三氯甲烷,275,train
854,麻醉气体,乙醚,275,train
855,凯特明,克他命,275,train
856,乙醚,安氟醚,275,train
857,货币,代币,276,train
858,货币,贬值的钞票,276,train
859,货币,金钱,276,train
860,货币,津贴,276,train
861,货币,基金,276,train
862,货币,拨款,276,train
863,基金,战争基金,276,train
864,基金,周转资金,276,train
865,基金,储备金,276,train
866,基金,信托基金,276,train
867,基金,存款,276,train
868,基金,经费,276,train
869,基金,收买基金,276,train
870,基金,偿债基金,276,train
871,基金,养老基金,276,train
872,基金,小额备用金,276,train
873,拨款,政治拨款,276,train
874,存款,活期存款,276,train
875,经费,业务预算,276,train
876,经费,皇室费,276,train
877,聚结,团,28,train
878,聚结,一丛,28,train
879,围绕,背景,280,train
880,围绕,栖息地,280,train
881,围绕,格调,280,train
882,温度,冷,281,train
883,柜台,卖肉的柜台,282,train
884,柜台,吧台,282,train
885,柜台,付款处,282,train
886,吧台,吧台,282,train
887,折痕,皱纹,289,train
888,折痕,扭曲,289,train
889,敌对行动,暴力,290,train
890,暴力,暴乱,290,train
891,头足类动物,鹦鹉螺,291,train
892,头足类动物,二鳃目,291,train
893,头足类动物,十腕亚目动物,291,train
894,头足类动物,八足类动物,291,train
895,十腕亚目动物,旋壳乌贼,291,train
896,十腕亚目动物,乌贼,291,train
897,八足类动物,船蛸,291,train
898,八足类动物,八爪鱼,291,train
899,乌贼,柔鱼,291,train
900,乌贼,大王乌贼,291,train
901,乌贼,大岛氏锁管,291,train
902,低爆速炸药,烟花,292,train
903,烟花,爆竹,292,train
904,烟花,轮转焰火,292,train
905,爆竹,樱桃爆竹,292,train
906,爆竹,大爆竹,292,train
907,浮子,救生用具,296,train
908,浮子,浮子,296,train
909,救生用具,救生衣,296,train
910,救生用具,救生圈,296,train
911,救生衣,救生衣,296,train
912,救生圈,裤形救生圈,296,train
913,计算机电路,可互换标准件,299,train
914,计算机电路,接口电路,299,train
915,计算机电路,微型电路,299,train
916,计算机电路,门电路,299,train
917,门电路,与门,299,train
918,业务关系,委托金,301,train
919,业务关系,活期存款,301,train
920,业务关系,卖空账户,301,train
921,委托金,现金帐户,301,train
922,活期存款,活期存款帐户,301,train
923,活期存款,储蓄帐户,301,train
924,活期存款,银行帐户,301,train
925,现金帐户,保管帐户,301,train
926,储蓄帐户,休眠帐户,301,train
927,储蓄帐户,储蓄存折,301,train
928,储蓄帐户,定期存款帐户,301,train
929,炊具,烤盘,302,train
930,炊具,圆烤盘,302,train
931,炊具,壶,302,train
932,炊具,厨灶,302,train
933,炊具,搪瓷器,302,train
934,炊具,火锅,302,train
935,炊具,烤架,302,train
936,炊具,平底锅,302,train
937,壶,咖啡壶,302,train
938,壶,壶,302,train
939,壶,大型有盖汤锅,302,train
940,壶,露营用大锅,302,train
941,壶,大汽锅,302,train
942,壶,荷兰炖锅,302,train
943,厨灶,克罗克电锅,302,train
944,搪瓷器,景泰蓝瓷器,302,train
945,平底锅,平底锅,302,train
946,平底锅,油滴盘,302,train
947,平底锅,电煎锅,302,train
948,咖啡壶,气体分液罐,302,train
949,小说,小说,307,train
950,主管,上司,31,train
951,夫妻,太太,311,train
952,夫妻,丈夫,311,train
953,太太,主妇,311,train
954,结合蛋白质,血红素蛋白,313,train
955,结合蛋白质,糖蛋白,313,train
956,血红素蛋白,细胞色素,313,train
957,血红素蛋白,血红蛋白,313,train
958,血红素蛋白,肌红蛋白,313,train
959,糖蛋白,粘液素,313,train
960,糖蛋白,红细胞生成素,313,train
961,糖蛋白,外源凝集素,313,train
962,细胞色素,细胞色素c,313,train
963,血红蛋白,氧合血红蛋白,313,train
964,参考,标的,317,train
965,亚麻制品,小型装饰桌巾,319,train
966,亚麻制品,亚麻布床单,319,train
967,亚麻制品,浴室亚麻布,319,train
968,亚麻布床单,枕套,319,train
969,亚麻布床单,床单,319,train
970,浴室亚麻布,浴巾,319,train
971,浴室亚麻布,浴室防滑垫,319,train
972,床单,套床垫,319,train
973,小块土地,圃,320,train
974,小块土地,种植园,320,train
975,圃,温床,320,train
976,圃,芦苇养殖场,320,train
977,圃,花床,320,train
978,种植园,种植园,320,train
979,种植园,葎草栽培园,320,train
980,种植园,花园,320,train
981,种植园,家庭菜园,320,train
982,种植园,药草园,320,train
983,种植园,规整式园林,320,train
984,种植园,商品菜园,320,train
985,种植园,园林,320,train
986,种植园,苹果园,320,train
987,种植园,柠檬林,320,train
988,好运,幸事,322,train
989,好运,幸运,322,train
990,幸事,幸运,322,train
991,幸运,安宁,322,train
992,幸运,经济实力,322,train
993,幸运,成功,322,train
994,安宁,健康,322,train
995,成功,有利可图的发现,322,train
996,成功,一流,322,train
997,图片,机械制图,323,train
998,图片,描写,323,train
999,图片,图,323,train
1000,图片,木炭画,323,train
1001,机械制图,水平切面,323,train
1002,描写,兽性化,323,train
1003,图,算命天宫图,323,train
1004,图,结构图,323,train
1005,羽,副羽,33,train
1006,羽,肩胛骨,33,train
1007,羽,翮羽,33,train
1008,翮羽,初级飞羽,33,train
1009,翮羽,尾羽,33,train
1010,有轨车,邮政车,330,train
1011,有轨车,手摇车,330,train
1012,有轨车,货车,330,train
1013,有轨车,乘务车厢,330,train
1014,有轨车,警卫车厢,330,train
1015,有轨车,休息车厢,330,train
1016,有轨车,行李车厢,330,train
1017,货车,牛车,330,train
1018,货车,平车,330,train
1019,货车,有盖货车,330,train
1020,货车,无盖货车,330,train
1021,货车,煤车,330,train
1022,控制,枪支管制,333,train
1023,控制,指数化,333,train
1024,控制,货币贬值,333,train
1025,医疗器械,内诊镜,335,train
1026,医疗器械,支气管镜,335,train
1027,医疗器械,电脑波测量图,335,train
1028,医疗器械,纤维镜,335,train
1029,医疗器械,肌电描记器,335,train
1030,医疗器械,心动描记器,335,train
1031,医疗器械,角膜镜,335,train
1032,医疗器械,渗析器,335,train
1033,医疗器械,电热疗机,335,train
1034,医疗器械,喉头镜,335,train
1035,内诊镜,关节内窥镜,335,train
1036,内诊镜,结肠镜,335,train
1037,内诊镜,后穹窿镜,335,train
1038,内诊镜,腹腔镜,335,train
1039,内诊镜,胃窥器,335,train
1040,渗析器,人工肾,335,train
1041,争执,争吵,341,train
1042,争吵,激烈的争吵,341,train
1043,变形,使变形,342,train
1044,变形,卷旋,342,train
1045,变形,伸出,342,train
1046,变形,使成角,342,train
1047,变形,内卷,342,train
1048,变形,合拢,342,train
1049,变形,使变宽,342,train
1050,变形,使变狭小,342,train
1051,变形,成皱,342,train
1052,变形,使呈锯齿形,342,train
1053,变形,使弯,342,train
1054,变形,伸长,342,train
1055,合拢,打裥,342,train
1056,使弯,屈曲,342,train
1057,使弯,内曲,342,train
1058,使弯,蜷伏,342,train
1059,使弯,弓起背部,342,train
1060,屈曲,伸缩,342,train
1061,屈曲,背侧屈,342,train
1062,健康,容光焕发,344,train
1063,健康,健康,344,train
1064,健康,健壮,344,train
1065,健康,玫瑰红,344,train
1066,健康,持续力,344,train
1067,持续力,气,344,train
1068,持续力,劲儿,344,train
1069,身体接触的项目,橄榄球,349,train
1070,橄榄球,英式足球,349,train
1071,橄榄球,英式橄榄球,349,train
1072,橄榄球,橄榄球,349,train
1073,粘合材料,浆糊,350,train
1074,粘合材料,热合剂,350,train
1075,粘合材料,松节油,350,train
1076,粘合材料,橡胶胶水,350,train
1077,粘合材料,粘鸟胶,350,train
1078,粘合材料,接合剂,350,train
1079,浆糊,封缄纸,350,train
1080,接合剂,胶合铺料,350,train
1081,接合剂,油灰,350,train
1082,接合剂,红铅油灰,350,train
1083,接合剂,粘合剂,350,train
1084,接合剂,铁油灰,350,train
1085,粘合剂,捻缝胶,350,train
1086,粘合剂,动物胶,350,train
1087,粘合剂,鱼胶,350,train
1088,粘合剂,乳酪胶,350,train
1089,显微镜,光学显微镜,352,train
1090,显微镜,电子显微镜,352,train
1091,光学显微镜,双目显微镜,352,train
1092,光学显微镜,放大镜,352,train
1093,光学显微镜,复显微镜,352,train
1094,电子显微镜,场发射显微镜,352,train
1095,放大镜,高倍放大镜,352,train
1096,降落,下降,356,train
1097,活动船板,顾问委员会,359,train
1098,活动船板,上诉委员会,359,train
1099,顾问委员会,内阁,359,train
1100,氨基酸,伽马氨基丁酸,360,train
1101,氨基酸,二羟基苯丙氨酸,360,train
1102,氨基酸,双硫丙氨酸,360,train
1103,氨基酸,氨基酸,360,train
1104,氨基酸,肌肉素,360,train
1105,氨基酸,谷氨酸盐,360,train
1106,氨基酸,天门冬酰胺,360,train
1107,氨基酸,丝氨酸,360,train
1108,氨基酸,天冬氨酸,360,train
1109,氨基酸,谷氨酸,360,train
1110,氨基酸,瓜氨酸,360,train
1111,氨基酸,鸟氨酸,360,train
1112,氨基酸,甲甘氨酸,360,train
1113,氨基酸,甘氨酸,360,train
1114,氨基酸,半胱氨酸,360,train
1115,氨基酸,丙氨酸,360,train
1116,氨基酸,羟胆碱,360,train
1117,氨基酸,必需氨基酸,360,train
1118,氨基酸,刀豆氨酸,360,train
1119,氨基酸,脯氨酸,360,train
1120,氨基酸,碘化甲状腺氨酸,360,train
1121,氨基酸,碘化酪氨酸,360,train
1122,二羟基苯丙氨酸,左旋多巴,360,train
1123,必需氨基酸,苯丙氨酸,360,train
1124,必需氨基酸,精氨酸,360,train
1125,碘化甲状腺氨酸,三碘甲腺原氨酸,360,train
1126,碘化酪氨酸,一碘酪氨酸,360,train
1127,碘化酪氨酸,二碘酪氨酸,360,train
1128,新闻,报告,364,train
1129,报告,公告,364,train
1130,不变成本,利息,365,train
1131,不变成本,应付费用,365,train
1132,不变成本,小费,365,train
1133,利息,复利,365,train
1134,利息,单利,365,train
1135,小费,法律费,365,train
1136,小费,佣金,365,train
1137,小费,中介费,365,train
1138,小费,储藏费,365,train
1139,小费,船闸通行税,365,train
1140,小费,停泊费,365,train
1141,小费,出租费,365,train
1142,小费,货币铸造税,365,train
1143,小费,胜诉费,365,train
1144,小费,入场券,365,train
1145,小费,过桥费,365,train
1146,小费,专利费,365,train
1147,小费,聘请定金,365,train
1148,小费,驳运费,365,train
1149,小费,停泊税,365,train
1150,小费,输送费,365,train
1151,小费,铸币费,365,train
1152,小费,动物保管费,365,train
1153,小费,搬运费,365,train
1154,小费,学费,365,train
1155,法律费,增加报酬,365,train
1156,聘请定金,交换物,365,train
1157,经济活动,反通货膨胀,368,train
1158,经济活动,市场力量,368,train
1159,经济活动,通货紧缩,368,train
1160,经济活动,需求,368,train
1161,经济活动,通货膨胀,368,train
1162,经济活动,供应,368,train
1163,经济活动,全球化,368,train
1164,经济活动,经济增长,368,train
1165,需求,消费,368,train
1166,通货膨胀,通货膨胀,368,train
1167,通货膨胀,通货再膨胀,368,train
1168,通货膨胀,滞涨,368,train
1169,通货膨胀,需求拉动型通胀,368,train
1170,消费,挥霍,368,train
1171,分数,连分数,369,train
1172,分数,分数,369,train
1173,分数,真分数,369,train
1174,分数,复合分数,369,train
1175,分数,假分式,369,train
1176,分数,十亿分之一,369,train
1177,分数,百万分之一,369,train
1178,分数,五分之一,369,train
1179,分数,一万亿分之一,369,train
1180,分数,一半,369,train
1181,分数,四分之一,369,train
1182,分数,三分之二,369,train
1183,分数,百分之一,369,train
1184,分数,三分之一,369,train
1185,分数,九分之一,369,train
1186,分数,六十分之一,369,train
1187,分数,十分之一,369,train
1188,分数,七分之一,369,train
1189,分数,千万亿分之一,369,train
1190,分数,千分之一,369,train
1191,分数,四分之三,369,train
1192,分数,八分之一,369,train
1193,分数,六分之一,369,train
1194,真分数,小数,369,train
1195,一半,百分之五十,369,train
1196,一半,一半,369,train
1197,小数,循环小数,369,train
1198,卧室家具,床,37,train
1199,床,停泊地,37,train
1200,床,四柱大型卧床,37,train
1201,床,临终床,37,train
1202,床,地基,37,train
1203,床,婚床,37,train
1204,床,吊床,37,train
1205,床,双人床,37,train
1206,床,折叠床,37,train
1207,床,饲槽,37,train
1208,床,双层床,37,train
1209,床,诊察台,37,train
1210,停泊地,下铺,37,train
1211,官方,批准者,373,train
1212,官方,分配者,373,train
1213,借款,借款,375,train
1214,借款,本金,375,train
1215,借款,公债,375,train
1216,借款,倒账,375,train
1217,借款,国有债务,375,train
1218,借款,债务限额,375,train
1219,借款,分期偿还债务,375,train
1220,借款,应付欠款,375,train
1221,借款,欠款,375,train
1222,借款,个人贷款,375,train
1223,借款,分期还款信贷,375,train
1224,借款,银行贷款,375,train
1225,借款,不动产贷款,375,train
1226,借款,直接贷款,375,train
1227,借款,家产担保贷款,375,train
1228,借款,定期贷款,375,train
1229,借款,活期贷款,375,train
1230,债务限额,国有债务限额,375,train
1231,个人贷款,汽车贷款,375,train
1232,银行贷款,银行间的贷款,375,train
1233,银行贷款,商业放款,375,train
1234,历,太阳历,380,train
1235,历,阴历,380,train
1236,历,阴阳历,380,train
1237,太阳历,儒略历,380,train
1238,太阳历,公历,380,train
1239,太阳历,革命日历,380,train
1240,阴历,罗马日历,380,train
1241,阴历,伊斯兰教历,380,train
1242,阴阳历,印度历,380,train
1243,阴阳历,犹太历,380,train
1244,公历,教会年历,380,train
1245,拱,平拱,383,train
1246,拱,弯拱,383,train
1247,拱,托梁拱圈,383,train
1248,拱,拱桥,383,train
1249,拱,破拱,383,train
1250,事务所,会计师事物所,384,train
1251,事务所,书局,384,train
1252,事务所,拍卖行,384,train
1253,盔甲,身体装甲,386,train
1254,身体装甲,钢丝背心,386,train
1255,身体装甲,盔甲,386,train
1256,身体装甲,上半身铠甲,386,train
1257,身体装甲,锁子甲,386,train
1258,锁子甲,锁子甲,386,train
1259,仪表,磁通计,394,train
1260,仪表,煤气表,394,train
1261,仪表,电表,394,train
1262,仪表,检流计,394,train
1263,仪表,电位计,394,train
1264,仪表,安培计,394,train
1265,仪表,地磁仪,394,train
1266,检流计,无定向电流计,394,train
1267,安培计,毫安表,394,train
1268,圆,光盘,395,train
1269,光盘,三孔滑车,395,train
1270,光盘,飞盘,395,train
1271,光盘,振动板,395,train
1272,光盘,铁饼,395,train
1273,光盘,制动盘,395,train
1274,饰物,带,396,train
1275,饰物,服饰品,396,train
1276,带,带钱包的腰带,396,train
1277,带,子弹带,396,train
1278,带,佩饰,396,train
1279,带,手枪用的皮套,396,train
1280,特征,方面,399,train
1281,特征,吸引,399,train
1282,方面,范围,399,train
1283,吸引,注意力,399,train
1284,名誉,推荐,4,train
1285,多糖,利奎明,40,train
1286,多糖,纤维素,40,train
1287,多糖,几丁质,40,train
1288,多糖,菊粉,40,train
1289,多糖,淀粉,40,train
1290,多糖,动物淀粉,40,train
1291,纤维素,矿浆,40,train
1292,纤维素,羧甲基纤维素,40,train
1293,淀粉,竹芋粉,40,train
1294,淀粉,木薯,40,train
1295,淀粉,玉米淀粉,40,train
1296,淀粉,西米,40,train
1297,淀粉,淀粉质,40,train
1298,矿浆,甘蔗渣,40,train
1299,西米,沙莪粒,40,train
1300,运动场,球场,400,train
1301,运动场,整个比赛场地,400,train
1302,运动场,室内运动场,400,train
1303,球场,手球场,400,train
1304,球场,篮球场,400,train
1305,球场,羽毛球场,400,train
1306,室内运动场,圆形马戏场,400,train
1307,篮球场,主场,400,train
1308,折磨,畸形,402,train
1309,畸形,裂足,402,train
1310,畸形,弓形趾,402,train
1311,畸形,阿诺德氏畸形,402,train
1312,畸形,内弯脚,402,train
1313,畸形,舟状头畸形,402,train
1314,畸形,鸡胸,402,train
1315,畸形,斜头畸形,402,train
1316,内弯脚,足外翻,402,train
1317,内弯脚,跟足,402,train
1318,内弯脚,马蹄样足,402,train
1319,幽灵,妖怪,403,train
1320,保护,套头交易,406,train
1321,保护,保险,406,train
1322,保护,经济担保,406,train
1323,保险,自保,406,train
1324,保险,汽车保险,406,train
1325,保险,责任保险,406,train
1326,保险,人寿保险,406,train
1327,保险,再保险,406,train
1328,保险,团体保险,406,train
1329,保险,定期人寿保险,406,train
1330,保险,火险,406,train
1331,保险,灾难险,406,train
1332,保险,健康保险,406,train
1333,保险,业务中断保险,406,train
1334,保险,共同保险,406,train
1335,保险,医疗事故保险,406,train
1336,人寿保险,普通终身寿险,406,train
1337,人寿保险,养老保险,406,train
1338,健康保险,维护健康组织,406,train
1339,健康保险,住院保险,406,train
1340,抵押权益,抵押,407,train
1341,抵押权益,典押,407,train
1342,抵押权益,有条件销售,407,train
1343,抵押权益,抵押品,407,train
1344,抵押权益,留置权,407,train
1345,抵押,动产抵押,407,train
1346,抵押,优先抵押,407,train
1347,抵押,二次抵押,407,train
1348,典押,当出物,407,train
1349,抵押品,保证,407,train
1350,留置权,劳动留置权,407,train
1351,留置权,有限留置权,407,train
1352,留置权,土地留置权,407,train
1353,留置权,税务扣押权,407,train
1354,留置权,全面留置权,407,train
1355,税务扣押权,税款留置权,407,train
1356,兔科动物,兔子,41,train
1357,兔科动物,兔,41,train
1358,兔子,欧洲野兔,41,train
1359,兔子,北美野兔,41,train
1360,兔子,小兔,41,train
1361,兔子,美洲雪鞋兔,41,train
1362,兔子,北极兔,41,train
1363,兔,棉尾兔,41,train
1364,兔,安哥拉兔,41,train
1365,兔,阉割过的雄兔,41,train
1366,兔,欧洲兔,41,train
1367,兔,小兔,41,train
1368,兔,比利时兔,41,train
1369,北美野兔,加利福尼亚兔,41,train
1370,北美野兔,白尾杰克兔,41,train
1371,棉尾兔,水兔,41,train
1372,棉尾兔,泽兔,41,train
1373,棉尾兔,东部棉尾兔,41,train
1374,缩短,切断,410,train
1375,缩短,收缩,410,train
1376,缩短,缩写,410,train
1377,缩短,削减,410,train
1378,收缩,子宫收缩,410,train
1379,收缩,假性宫缩,410,train
1380,收缩,阴道痉挛,410,train
1381,收缩,肌肉痉挛,410,train
1382,收缩,挛缩,410,train
1383,削减,剪去,410,train
1384,削减,修剪,410,train
1385,削减,剪发,410,train
1386,修剪,修剪,410,train
1387,猎狗,会泅水的猎狗,412,train
1388,猎狗,塞特种猎犬,412,train
1389,猎狗,獚,412,train
1390,猎狗,捕鸟猎犬,412,train
1391,塞特种猎犬,英国谍犬,412,train
1392,塞特种猎犬,戈登赛特猎狗,412,train
1393,塞特种猎犬,爱尔兰谍犬,412,train
1394,獚,苏塞克斯猎獚,412,train
1395,獚,布列塔尼獚犬,412,train
1396,獚,克伦伯猎獚,412,train
1397,獚,水獚,412,train
1398,獚,猎獚,412,train
1399,獚,田野猎犬,412,train
1400,獚,英国可卡犬,412,train
1401,水獚,美国水猎犬,412,train
1402,水獚,爱尔兰水猎犬,412,train
1403,猎獚,英国激飞猎犬,412,train
1404,化合,合并,413,train
1405,化合,混乱,413,train
1406,化合,混合,413,train
1407,化合,散布,413,train
1408,化合,附加,413,train
1409,化合,熔化,413,train
1410,合并,部落化,413,train
1411,合并,合并,413,train
1412,合并,保护伞,413,train
1413,合并,再次会面,413,train
1414,混乱,喧哗,413,train
1415,混合,同质化,413,train
1416,混合,合流,413,train
1417,附加,嫁接,413,train
1418,再次会面,同学会,413,train
1419,兵役,海军,416,train
1420,兵役,军,416,train
1421,兵役,空军,416,train
1422,空军,航空队,416,train
1423,口盖,男裤下体盖,42,train
1424,口盖,重叠,42,train
1425,口盖,帽耳,42,train
1426,口盖,布片,42,train
1427,口盖,男上衣后摆,42,train
1428,口盖,挡光板,42,train
1429,重叠,翻折部分,42,train
1430,重叠,垂片,42,train
1431,重叠,翻领,42,train
1432,寝具,毛毯,422,train
1433,寝具,床单,422,train
1434,寝具,携带用铺盖,422,train
1435,毛毯,方布,422,train
1436,毛毯,阿富汗披肩,422,train
1437,毛毯,电热毯,422,train
1438,毛毯,麦基诺厚毛毯,422,train
1439,床单,床罩,422,train
1440,异翅亚目长虫,棉蝽象,424,train
1441,异翅亚目长虫,萤火虫,424,train
1442,异翅亚目长虫,水蝽,424,train
1443,异翅亚目长虫,食虫椿象,424,train
1444,水蝽,划蝽,424,train
1445,水蝽,田鳖,424,train
1446,水蝽,红娘华,424,train
1447,水蝽,水黾,424,train
1448,食虫椿象,齿轮虫,424,train
1449,食虫椿象,锥鼻虫,424,train
1450,水黾,小黾蝽,424,train
1451,制服,军装,43,train
1452,制服,伞兵跳伞服,43,train
1453,制服,制服,43,train
1454,军装,军装,43,train
1455,军装,战服,43,train
1456,军装,礼服制服,43,train
1457,军装,统一的服装,43,train
1458,双壳类动物,河蚌,431,train
1459,双壳类动物,干贝,431,train
1460,双壳类动物,舟贝,431,train
1461,双壳类动物,血蚶,431,train
1462,双壳类动物,海笋,431,train
1463,双壳类动物,斧足纲软体动物,431,train
1464,双壳类动物,牡蛎,431,train
1465,双壳类动物,海扇类,431,train
1466,河蚌,海洋贻贝,431,train
1467,河蚌,河蚌,431,train
1468,河蚌,珍珠壳贻贝,431,train
1469,河蚌,斑纹蚌,431,train
1470,河蚌,薄壳贻贝,431,train
1471,干贝,大扇贝,431,train
1472,干贝,嵌条扇贝,431,train
1473,斧足纲软体动物,大砗磲,431,train
1474,斧足纲软体动物,沙海螂,431,train
1475,斧足纲软体动物,凿船虫,431,train
1476,斧足纲软体动物,剃刀蛤,431,train
1477,斧足纲软体动物,大文蛤,431,train
1478,斧足纲软体动物,圆蛤,431,train
1479,牡蛎,幼蠔,431,train
1480,牡蛎,小牡蛎的一种,431,train
1481,牡蛎,珍珠贝,431,train
1482,牡蛎,欧洲银蛤,431,train
1483,牡蛎,牡蛎,431,train
1484,牡蛎,海月,431,train
1485,海扇类,海扇,431,train
1486,海洋贻贝,紫贻贝,431,train
1487,凿船虫,凿船虫,431,train
1488,凿船虫,节铠船蛆,431,train
1489,圆蛤,小圆蛤,431,train
1490,圆蛤,小帘蛤,431,train
1491,冒险者,冒险者,432,train
1492,冒险者,女冒险家,432,train
1493,心血管疾病,高血压,434,train
1494,心血管疾病,动脉瘤,434,train
1495,心血管疾病,低血压症,434,train
1496,心血管疾病,心脏病,434,train
1497,心血管疾病,循环衰竭,434,train
1498,高血压,继发性高血压,434,train
1499,高血压,恶性高血压,434,train
1500,高血压,白大衣高血压,434,train
1501,高血压,血压过高,434,train
1502,动脉瘤,大脑动脉瘤,434,train
1503,动脉瘤,室壁瘤,434,train
1504,动脉瘤,动脉瘤,434,train
1505,动脉瘤,颅内动脉瘤,434,train
1506,动脉瘤,腹主动脉瘤,434,train
1507,低血压症,低血压,434,train
1508,心脏病,心律不整,434,train
1509,心脏病,风湿性心脏病,434,train
1510,心脏病,冠心病,434,train
1511,心脏病,心肌病,434,train
1512,心脏病,心力衰竭,434,train
1513,心脏病,心绞痛,434,train
1514,心脏病,心脏瓣膜病,434,train
1515,恶性高血压,门静脉高压,434,train
1516,心律不整,心房颤动,434,train
1517,心律不整,减慢心率药,434,train
1518,心律不整,心室颤动,434,train
1519,心律不整,奔马律,434,train
1520,心律不整,传导阻滞,434,train
1521,心律不整,心动过速,434,train
1522,心肌病,肥厚型心肌病,434,train
1523,心力衰竭,心力衰竭,434,train
1524,心脏瓣膜病,狭窄,434,train
1525,心脏瓣膜病,主动脉瓣狭窄,434,train
1526,心脏瓣膜病,二尖瓣脱垂,434,train
1527,交叉点,交叉,436,train
1528,交叉,街角,436,train
1529,交叉,平交路口,436,train
1530,街角,盲角,436,train
1531,异常的人,不合时代的人,442,train
1532,异常的人,白化病者,442,train
1533,异常的人,脱离常轨者,442,train
1534,抑制物,反催化剂,443,train
1535,抑制物,减速剂,443,train
1536,抑制物,抗氧化剂,443,train
1537,减速剂,氘水,443,train
1538,抗氧化剂,β-萘酚,443,train
1539,抗氧化剂,防锈剂,443,train
1540,抗氧化剂,类胡萝卜素,443,train
1541,抗氧化剂,硒,443,train
1542,类胡萝卜素,叶黄素,443,train
1543,类胡萝卜素,玉米黄质,443,train
1544,类胡萝卜素,β-胡萝卜素,443,train
1545,类胡萝卜素,番茄红素,443,train
1546,类胡萝卜素,胡萝卜素,443,train
1547,葡萄属植物,美国葡萄,445,train
1548,葡萄属植物,圆叶葡萄,445,train
1549,估价,严峻的考验,449,train
1550,估价,评估,449,train
1551,评估,阿普伽新生儿评分,449,train
1552,油脂,板油,450,train
1553,油脂,多不饱和脂肪,450,train
1554,油脂,动物油脂,450,train
1555,油脂,可可油,450,train
1556,动物油脂,骨脂,450,train
1557,动物油脂,乳脂,450,train
1558,副本,模型,451,train
1559,副本,修改后的形式,451,train
1560,副本,复写纸,451,train
1561,副本,复制本,451,train
1562,副本,副本,451,train
1563,副本,冒牌货,451,train
1564,副本,变形影像,451,train
1565,副本,伪造品,451,train
1566,副本,备份,451,train
1567,副本,使一致,451,train
1568,模型,活人面模,451,train
1569,模型,死人的面模,451,train
1570,伪造品,赝品,451,train
1571,伪造品,仿造品,451,train
1572,仿造品,假书,451,train
1573,樱桃树,美国稠李,457,train
1574,樱桃树,欧洲酸樱桃,457,train
1575,樱桃树,野樱,457,train
1576,樱桃树,柳叶野黑樱,457,train
1577,樱桃树,仙樱花,457,train
1578,樱桃树,洋樱桃树,457,train
1579,欧洲酸樱桃,欧洲酸樱桃,457,train
1580,欧洲酸樱桃,黑樱桃,457,train
1581,欧洲酸樱桃,酸樱桃,457,train
1582,野樱,黑樱树,457,train
1583,野樱,稠李,457,train
1584,仙樱花,日本樱花,457,train
1585,仙樱花,富士樱,457,train
1586,仙樱花,日本早樱,457,train
1587,仙樱花,山樱,457,train
1588,洋樱桃树,欧洲甜樱桃,457,train
1589,洋樱桃树,尖果樱桃,457,train
1590,稠李,稠李,457,train
1591,稠李,欧洲酸樱桃,457,train
1592,大头棒,包铁粗杖,460,train
1593,大头棒,圆头棒,460,train
1594,大头棒,棍棒,460,train
1595,大头棒,瓶状体操棒,460,train
1596,大头棒,大头棒,460,train
1597,大头棒,板球棒,460,train
1598,大头棒,包皮短棒,460,train
1599,棍棒,笞刑,460,train
1600,板球棒,棒球棒,460,train
1601,充分,满,461,train
1602,充分,侵染,461,train
1603,充分,过多,461,train
1604,充分,吃得太饱,461,train
1605,侵染,姜片虫病,461,train
1606,侵染,蝇蛆的组织传染,461,train
1607,侵染,鞭虫病,461,train
1608,侵染,壁虱病,461,train
1609,侵染,后睾吸虫病,461,train
1610,侵染,蛲虫病,461,train
1611,侵染,虱病,461,train
1612,侵染,片吸虫病,461,train
1613,侵染,旋毛虫病,461,train
1614,侵染,蛔虫病,461,train
1615,侵染,蠕虫病,461,train
1616,侵染,盘尾丝虫病,461,train
1617,侵染,包虫病,461,train
1618,侵染,血吸虫病,461,train
1619,侵染,恙螨病,461,train
1620,侵染,球虫病,461,train
1621,虱病,衣虱病,461,train
1622,虱病,阴虱病,461,train
1623,虱病,头虱病,461,train
1624,蠕虫病,钩虫病,461,train
1625,持续的时间,冗长,463,train
1626,改变方向,回转,464,train
1627,回转,屈膝旋转法,464,train
1628,回转,左面,464,train
1629,回转,右边,464,train
1630,回转,离题,464,train
1631,回转,反弹旋转,464,train
1632,离题,与事实不相干的论点,464,train
1633,表面,下侧,469,train
1634,表面,顶方,469,train
1635,下侧,踵,469,train
1636,下侧,舭,469,train
1637,下侧,底边,469,train
1638,踵,法式弯后跟,469,train
1639,踵,古巴式鞋后跟,469,train
1640,沉积岩,板岩,470,train
1641,沉积岩,泥质岩,470,train
1642,沉积岩,粗碎屑岩,470,train
1643,沉积岩,泥板岩,470,train
1644,沉积岩,砂质岩,470,train
1645,沉积岩,矽质粘土岩,470,train
1646,粗碎屑岩,角砾岩,470,train
1647,泥板岩,油页岩,470,train
1648,泥板岩,腐植页岩,470,train
1649,砂质岩,沙岩,470,train
1650,沙岩,褐石,470,train
1651,沙岩,海绿石砂,470,train
1652,沙岩,砂砾,470,train
1653,沙岩,蓝砂岩,470,train
1654,沙岩,沙泥岩,470,train
1655,保温器,电热垫,471,train
1656,保温器,解冻器,471,train
1657,保温器,去雾器,471,train
1658,保温器,火盆,471,train
1659,保温器,煤气炉,471,train
1660,保温器,对流式加热机,471,train
1661,火盆,日本式火钵,471,train
1662,陶器,瓦器,472,train
1663,陶器,陶器,472,train
1664,陶器,马略尔卡陶器,472,train
1665,陶器,彩釉,472,train
1666,陶器,代尔夫特精陶,472,train
1667,瓦器,玛瑙纹饰陶器,472,train
1668,瓦器,虹彩陶,472,train
1669,小型狗,马耳他狗,473,train
1670,小型狗,吉娃娃,473,train
1671,小型狗,玩具猎鹬犬,473,train
1672,小型狗,北京狗,473,train
1673,小型狗,玩具梗犬,473,train
1674,小型狗,日本猎犬,473,train
1675,小型狗,狮子狗,473,train
1676,玩具猎鹬犬,英国小獚犬,473,train
1677,玩具猎鹬犬,蝶耳长毛小狗,473,train
1678,玩具猎鹬犬,骑士查理王犬,473,train
1679,英国小獚犬,布伦海姆狗,473,train
1680,分摊,一份,476,train
1681,维管组织,中柱,478,train
1682,维管组织,维管射线,478,train
1683,维管组织,管胞,478,train
1684,维管组织,形成层,478,train
1685,维管组织,木质部,478,train
1686,维管组织,维管束,478,train
1687,维管组织,韧皮部,478,train
1688,维管组织,筛管,478,train
1689,维管束,叶脉,478,train
1690,十足目动物,大螯虾,480,train
1691,十足目动物,寄居蟹,480,train
1692,十足目动物,喇蛄,480,train
1693,十足目动物,螃蟹,480,train
1694,十足目动物,大虾,480,train
1695,十足目动物,小虾,480,train
1696,大螯虾,大螯虾,480,train
1697,大螯虾,挪威海螯虾,480,train
1698,大螯虾,南非螯龙虾,480,train
1699,大螯虾,缅因龙虾,480,train
1700,大螯虾,欧洲螯龙虾,480,train
1701,喇蛄,淡水螯虾,480,train
1702,喇蛄,美洲螯虾,480,train
1703,螃蟹,石蟹,480,train
1704,螃蟹,岩蟹,480,train
1705,螃蟹,豆蟹,480,train
1706,螃蟹,招潮属蟹,480,train
1707,螃蟹,三疣梭子蟹,480,train
1708,螃蟹,北黄道蟹,480,train
1709,螃蟹,太平洋大蟹,480,train
1710,螃蟹,蜘蛛蟹,480,train
1711,螃蟹,硬壳海蟹,480,train
1712,螃蟹,软壳蟹,480,train
1713,螃蟹,拟石蟹,480,train
1714,大虾,长臂虾,480,train
1715,小虾,枪虾,480,train
1716,豆蟹,牡蛎豆蟹,480,train
1717,三疣梭子蟹,圆趾蟹,480,train
1718,三疣梭子蟹,三疣梭子蟹,480,train
1719,三疣梭子蟹,梭子蟹,480,train
1720,蜘蛛蟹,拟石蟹,480,train
1721,蜘蛛蟹,巨螯蟹,480,train
1722,不幸,折磨,482,train
1723,不幸,牺牲,482,train
1724,不幸,情绪的最低点,482,train
1725,不幸,不健康,482,train
1726,不幸,危险,482,train
1727,不幸,大灾难,482,train
1728,不幸,绝境,482,train
1729,不幸,不幸,482,train
1730,不幸,集中营,482,train
1731,不幸,活受罪,482,train
1732,折磨,折磨,482,train
1733,不健康,不幸,482,train
1734,危险,压迫,482,train
1735,危险,极痛苦,482,train
1736,危险,剧痛,482,train
1737,绝境,到底,482,train
1738,四轮马车,流动炊事车,484,train
1739,四轮马车,手拉车,484,train
1740,四轮马车,乐队花车,484,train
1741,四轮马车,送奶车,484,train
1742,四轮马车,送冰马车,484,train
1743,四轮马车,大篷车,484,train
1744,手拉车,一种双轮马车,484,train
1745,手拉车,垃圾车,484,train
1746,手拉车,狗拉的小车,484,train
1747,手拉车,农用马车,484,train
1748,手拉车,东洋车,484,train
1749,农用马车,载货马车,484,train
1750,间接税,变相的税,493,train
1751,间接税,关税,493,train
1752,间接税,消费税,493,train
1753,关税,反倾销税,493,train
1754,关税,入市税,493,train
1755,关税,关税,493,train
1756,关税,出口税,493,train
1757,关税,进口税,493,train
1758,关税,保护关税,493,train
1759,消费税,小额消费品税,493,train
1760,消费税,从价税,493,train
1761,消费税,汽油税,493,train
1762,保护关税,反倾销税,493,train
1763,小孔,孔,498,train
1764,孔,瞳孔,498,train
1765,含义,含义,499,train
1766,含义,意义,499,train
1767,含义,细微差别,499,train
1768,批评,抨击,50,train
1769,抨击,中伤,50,train
1770,连结,相关性,501,train
1771,连结,串联,501,train
1772,连结,关系,501,train
1773,连结,关联性,501,train
1774,连结,卷入,501,train
1775,连结,关联,501,train
1776,连结,交通,501,train
1777,连结,桥接物,501,train
1778,连结,连结,501,train
1779,相关性,中肯,501,train
1780,相关性,妥当,501,train
1781,相关性,实质性,501,train
1782,关系,母子感情,501,train
1783,关联性,关系,501,train
1784,卷入,卷入,501,train
1785,卷入,包含,501,train
1786,关联,联合,501,train
1787,妥当,恰当,501,train
1788,周转资产,可操作资本,508,train
1789,周转资产,风险资本,508,train
1790,周转资产,股本,508,train
1791,周转资产,创业基金,508,train
1792,股本,股本总额,508,train
1793,股本,普通股,508,train
1794,股本,增水股,508,train
1795,股本,热门股,508,train
1796,股本,股份,508,train
1797,股本,库存股,508,train
1798,股本,无面值股票,508,train
1799,股本,优先股,508,train
1800,股本,准优先股,508,train
1801,股本,增长股票,508,train
1802,股本,有表决权股票,508,train
1803,股本,流通股,508,train
1804,普通股,热门股,508,train
1805,普通股,分类股票,508,train
1806,普通股,有期限股,508,train
1807,优先股,累积优先股,508,train
1808,固定物,照明器材,512,train
1809,固定物,浴室设备,512,train
1810,照明器材,间接照明,512,train
1811,照明器材,枝形吊灯,512,train
1812,手提箱,手提箱,513,train
1813,手提箱,手提行李,513,train
1814,手提箱,化妆盒,513,train
1815,手提箱,马车车顶行李,513,train
1816,手提箱,帽盒,513,train
1817,手提箱,折叠式旅行袋,513,train
1818,手提箱,毯制手提包,513,train
1819,手提箱,手提包,513,train
1820,十进制单位,公制长度单位,514,train
1821,十进制单位,公制容量单位,514,train
1822,十进制单位,公制重量单位,514,train
1823,公制长度单位,公尺,514,train
1824,公制长度单位,微毫米,514,train
1825,公制长度单位,毫米,514,train
1826,公制长度单位,公分,514,train
1827,公制长度单位,一公里,514,train
1828,公制长度单位,微米,514,train
1829,公制长度单位,毫微微米,514,train
1830,公制长度单位,分米,514,train
1831,公制长度单位,一百公尺,514,train
1832,公制长度单位,一万公尺,514,train
1833,公制长度单位,微微米,514,train
1834,公制长度单位,公丈,514,train
1835,公制长度单位,埃,514,train
1836,公制容量单位,立方公里,514,train
1837,公制容量单位,1/10公升,514,train
1838,公制容量单位,十升,514,train
1839,公制容量单位,公升,514,train
1840,公制容量单位,立方毫米,514,train
1841,公制容量单位,千升,514,train
1842,公制容量单位,厘升,514,train
1843,公制容量单位,一百公升,514,train
1844,公制容量单位,千分之一公升,514,train
1845,公制重量单位,公斤,514,train
1846,公制重量单位,森特纳,514,train
1847,公制重量单位,百克,514,train
1848,公制重量单位,毫克,514,train
1849,公制重量单位,公克,514,train
1850,公制重量单位,克拉,514,train
1851,公制重量单位,微克,514,train
1852,公制重量单位,格令,514,train
1853,公制重量单位,克,514,train
1854,公制重量单位,万克,514,train
1855,公制重量单位,毫微克,514,train
1856,公制重量单位,公担,514,train
1857,公制重量单位,十克,514,train
1858,公制重量单位,公吨,514,train
1859,公制重量单位,克分子,514,train
1860,公斤,一公斤,514,train
1861,化石燃料,煤,518,train
1862,煤,无烟煤,518,train
1863,煤,木炭,518,train
1864,煤,烟煤,518,train
1865,煤,动力煤,518,train
1866,烟煤,煤粉,518,train
1867,烟煤,烛煤,518,train
1868,模型,随机过程,519,train
1869,随机过程,随机游动,519,train
1870,随机过程,平稳随机过程,519,train
1871,随机过程,无后效过程,519,train
1872,无后效过程,马尔可夫链,519,train
1873,输送,联接,521,train
1874,拓印,接触印相照片,522,train
1875,拓印,铜凹版印刷品,522,train
1876,拓印,雕版画,522,train
1877,拓印,网线铜版术,522,train
1878,拓印,凹版印刷,522,train
1879,拓印,一种雕刻品,522,train
1880,雕版画,蚀刻印刷品,522,train
1881,雕版画,铜版画,522,train
1882,雕版画,线雕画,522,train
1883,雕版画,照相铜版,522,train
1884,室外运动,打猎,523,train
1885,纸币,辅币,524,train
1886,纸币,不兑现纸币,524,train
1887,纸币,庄票,524,train
1888,庄票,二十美元钞票,524,train
1889,庄票,五美元钞票,524,train
1890,庄票,十美元钞票,524,train
1891,庄票,五十美元钞票,524,train
1892,庄票,一百美元钞票,524,train
1893,庄票,一美元钞票,524,train
1894,庄票,银元券,524,train
1895,庄票,二美元钞票,524,train
1896,五美元钞票,五美元镍币,524,train
1897,酯,多元酯,526,train
1898,酯,丙三脂,526,train
1899,酯,乙酸戊酯,526,train
1900,酯,纤维素酯,526,train
1901,酯,乙酸乙酯,526,train
1902,丙三脂,硬脂酸甘油,526,train
1903,丙三脂,甘油凝胶,526,train
1904,丙三脂,酪脂,526,train
1905,丙三脂,丙三醇,526,train
1906,丙三脂,甘油剂,526,train
1907,丙三脂,甘油酯,526,train
1908,纤维素酯,硝化纤维素,526,train
1909,酪脂,三丁精,526,train
1910,甘油酯,甘油三酸酯,526,train
1911,硝化纤维素,焦纤维素,526,train
1912,硝化纤维素,低氮硝化纤维素,526,train
1913,专家,装潢者,527,train
1914,专家,专员,527,train
1915,粒子加速器,高压倍加器,53,train
1916,粒子加速器,回旋加速器,53,train
1917,回旋加速器,质子加速器,53,train
1918,人群,团队,530,train
1919,偷窃,大盗窃,531,train
1920,偷窃,瞒报,531,train
1921,偷窃,佯装顾客偷窃,531,train
1922,偷窃,生物侵权,531,train
1923,偷窃,盗窃,531,train
1924,偷窃,轻偷窃罪,531,train
1925,偷窃,小偷小摸,531,train
1926,盗窃,公路拦路抢劫,531,train
1927,盗窃,土匪劫掠,531,train
1928,盗窃,劫机,531,train
1929,盗窃,持械抢劫,531,train
1930,盗窃,犯罪,531,train
1931,盗窃,抢劫,531,train
1932,盗窃,偷盗,531,train
1933,劫机,海上掠夺,531,train
1934,蝴蝶,小环蝴蝶,55,train
1935,蝴蝶,白蝴蝶,55,train
1936,蝴蝶,斑蝶,55,train
1937,蝴蝶,灰蝶,55,train
1938,蝴蝶,粉蝶,55,train
1939,蝴蝶,蛱蝶,55,train
1940,斑蝶,黑脉金斑蝶,55,train
1941,灰蝶,小灰蝶,55,train
1942,灰蝶,蓝蝶,55,train
1943,灰蝶,铜色灰蝶,55,train
1944,粉蝶,纹白蝶,55,train
1945,蛱蝶,红蛱蝶,55,train
1946,蛱蝶,白纹铗蝶,55,train
1947,蛱蝶,丽蝶,55,train
1948,蛱蝶,彩蝶,55,train
1949,蛱蝶,黄缘蛱蝶,55,train
1950,蛱蝶,豹纹蝶,55,train
1951,蛱蝶,赤蛱蝶,55,train
1952,蛱蝶,蛱蝶,55,train
1953,蛱蝶,孔雀蛱蝶,55,train
1954,蛱蝶,小红蛱蝶,55,train
1955,蛱蝶,副王蛱蝶,55,train
1956,蛱蝶,黄钩蛱蝶,55,train
1957,蛱蝶,白蛱蝶,55,train
1958,铜色灰蝶,美洲铜色灰蝶,55,train
1959,纹白蝶,大菜粉蝶,55,train
1960,纹白蝶,纹白蝶,55,train
1961,纹白蝶,菜粉蝶,55,train
1962,丽蝶,紫闪蛱蝶,55,train
1963,人生观,伦理学,57,train
1964,人生观,美学,57,train
1965,瓶,葫芦,6,train
1966,瓶,啤酒瓶,6,train
1967,瓶,番茄酱瓶,6,train
1968,瓶,小壶,6,train
1969,瓶,小口的大瓶,6,train
1970,瓶,墨水瓶,6,train
1971,瓶,调味瓶,6,train
1972,瓶,烧瓶,6,train
1973,瓶,坛,6,train
1974,瓶,饮料瓶,6,train
1975,小壶,土制酒壶,6,train
1976,烧瓶,小酒瓶,6,train
1977,烧瓶,双耳细颈瓶,6,train
1978,烧瓶,水壶,6,train
1979,烧瓶,爱伦美氏瓶,6,train
1980,球场,赛道,61,train
1981,球场,高尔夫球场,61,train
1982,赛道,煤渣跑道,61,train
1983,煤渣跑道,贝尔蒙特跑道,61,train
1984,煤渣跑道,邱吉尔马场,61,train
1985,体征,生命体征,63,train
1986,生命体征,呼吸频率,63,train
1987,生命体征,脉搏,63,train
1988,脉搏,股动脉脉搏,63,train
1989,脉搏,桡动脉脉搏,63,train
1990,断片,断片,64,train
1991,广告,社论式广告,67,train
1992,广告,仅印一面的大幅纸张,67,train
1993,会话,交谈,68,train
1994,会话,交流,68,train
1995,交谈,会话,68,train
1996,驴,雌驴,70,train
1997,驴,野驴,70,train
1998,驴,驴,70,train
1999,驴,公驴,70,train
2000,驴,驴子,70,train
2001,野驴,亚洲野驴,70,train
2002,野驴,非洲野驴,70,train
2003,野驴,中亚野驴,70,train
2004,中亚野驴,蒙古野驴,70,train
2005,书信,邀请,72,train
2006,书信,无线电报,72,train
2007,妄想,变兽妄想,73,train
2008,妄想,幻想变得伟大,73,train
2009,妄想,妄想,73,train
2010,妄想,虚无幻觉,73,train
2011,妄想,躯体妄想,73,train
2012,妄想,幻觉,73,train
2013,幻觉,视幻觉,73,train
2014,幻觉,幻听,73,train
2015,幻觉,幻觉,73,train
2016,幻觉,伪幻觉,73,train
2017,视幻觉,色差,73,train
2018,视幻觉,动物幻视,73,train
2019,视幻觉,幻觉,73,train
2020,卧室,儿童居室,81,train
2021,卧室,闺房,81,train
2022,卧室,主卧室,81,train
2023,卧室,大寝室,81,train
2024,卧室,旅馆客房,81,train
2025,儿童居室,婴儿室,81,train
2026,旅馆客房,连通房,81,train
2027,旅馆客房,邻舍,81,train
2028,婴儿室,日间托儿所,81,train
2029,铁,白铁,85,train
2030,铁,生铁,85,train
2031,铁,α-铁,85,train
2032,铁,型铁,85,train
2033,铁,锭铁,85,train
2034,铁,γ-铁,85,train
2035,铁,β-铁,85,train
2036,铁,德他铁,85,train
2037,铁,废铁,85,train
2038,生铁,瑞典生铁,85,train
2039,生铁,夹渣生铁,85,train
2040,生铁,镜铁,85,train
2041,生铁,碱性铁,85,train
2042,生铁,铁合金,85,train
2043,生铁,铜铅合金,85,train
2044,齿鲸,剑吻鲸,86,train
2045,齿鲸,抹香鲸,86,train
2046,齿鲸,侏儒抹香鲸,86,train
2047,齿鲸,小抹香鲸,86,train
2048,齿鲸,海豚,86,train
2049,剑吻鲸,北瓶鼻鲸,86,train
2050,海豚,白鲸,86,train
2051,海豚,海豚,86,train
2052,海豚,虎鲸,86,train
2053,海豚,圆头鲸,86,train
2054,海豚,恒河豚,86,train
2055,海豚,宽吻海豚,86,train
2056,海豚,一种大海豚,86,train
2057,宽吻海豚,尖吻海豚,86,train
2058,宽吻海豚,鼠海豚,86,train
2059,说话方式,声调,87,train
2060,说话方式,致词,87,train
2061,超敏性,冷觉过敏,89,train
2062,超敏性,高敏性反应,89,train
2063,高敏性反应,敏性鼻炎,89,train
2064,高敏性反应,过敏性反应,89,train
2065,高敏性反应,刺痒,89,train
2066,敏性鼻炎,枯草热,89,train
2067,过敏性反应,过敏性休克,89,train
2068,过敏性反应,血清病,89,train
2069,过敏性反应,迟发型变应性,89,train
2070,过敏性反应,食物变态反应,89,train
2071,过敏性反应,速发型变态反应,89,train
2072,吸毒者,上瘾的人,9,train
2073,少年,祭坛侍童,92,train
2074,制材,厚板,93,train
2075,厚板,假型板,93,train
2076,消费信贷,分期还款信贷,94,train
2077,消费信贷,开放性信贷,94,train
2078,消费信贷,家产担保贷款,94,train
2079,开放性信贷,信用卡,94,train
2080,开放性信贷,贷方账,94,train
2081,开放性信贷,信用透支数额,94,train
2082,开放性信贷,借记卡,94,train
2083,开放性信贷,智能卡,94,train
2084,信用卡,现金卡,94,train
2085,信用卡,银行信用卡,94,train
2086,信用卡,电话卡,94,train
2087,贷方账,循环费用帐户,94,train
2088,天赋,天性,97,train
2089,盒子,箱,99,train
2090,盒子,浅箱,99,train
2091,盒子,纸盒,99,train
2092,盒子,投票箱,99,train
2093,盒子,火柴盒,99,train
2094,盒子,棺,99,train
2095,盒子,大板条箱,99,train
2096,盒子,灰浆桶,99,train
2097,盒子,食品盒,99,train
2098,盒子,珠宝箱,99,train
2099,盒子,信箱,99,train
2100,盒子,圆筒形纸板盒,99,train
2101,盒子,雪茄盒,99,train
2102,箱,弹药箱,99,train
2103,箱,约柜,99,train
2104,箱,香柏木箱,99,train
2105,箱,保险箱,99,train
2106,箱,嫁妆箱,99,train
2107,棺,棺材及其支架,99,train
2108,排泄,失禁,533,dev
2109,排泄,拉屎,533,dev
2110,排泄,小便,533,dev
2111,失禁,尿失禁,533,dev
2112,拉屎,尿闭,533,dev
2113,拉屎,便血,533,dev
2114,拉屎,排便,533,dev
2115,拉屎,大便,533,dev
2116,小便,排泄,533,dev
2117,小便,小便,533,dev
2118,小便,夜尿,533,dev
2119,小便,石尿症,533,dev
2120,小便,少尿,533,dev
2121,尿失禁,尿床,533,dev
2122,尿失禁,压力性失禁,533,dev
2123,尿失禁,尿失禁,533,dev
2124,尿失禁,充溢性尿失禁,533,dev
2125,切,很深的裂缝,536,dev
2126,切,刻痕,536,dev
2127,语法关系,互参,537,dev
2128,语法关系,语气,537,dev
2129,语法关系,词形变化,537,dev
2130,语法关系,修饰关系,537,dev
2131,语法关系,体,537,dev
2132,语法关系,不及物性,537,dev
2133,语法关系,及物性,537,dev
2134,语法关系,互补,537,dev
2135,语法关系,一致,537,dev
2136,语法关系,分句间的关系,537,dev
2137,语法关系,语态,537,dev
2138,语法关系,主从关系,537,dev
2139,语法关系,同等,537,dev
2140,语法关系,回指,537,dev
2141,互参,自反性,537,dev
2142,语气,祈使语气,537,dev
2143,语气,直陈语气,537,dev
2144,语气,疑问语气,537,dev
2145,语气,祈愿语态,537,dev
2146,语气,虚拟语气,537,dev
2147,词形变化,动词的变化,537,dev
2148,词形变化,词形变化,537,dev
2149,词形变化,变格,537,dev
2150,修饰关系,同位,537,dev
2151,修饰关系,限定关系,537,dev
2152,体,表始动词,537,dev
2153,体,持续时态,537,dev
2154,体,动词完成体,537,dev
2155,一致,词性一致,537,dev
2156,一致,数字上的一致,537,dev
2157,一致,示例一致,537,dev
2158,一致,人的一致,537,dev
2159,分句间的关系,从属关系,537,dev
2160,分句间的关系,对等关系,537,dev
2161,分句间的关系,对照关系,537,dev
2162,分句间的关系,连接关系,537,dev
2163,分句间的关系,分离关系,537,dev
2164,语态,主动语态,537,dev
2165,语态,被动语态,537,dev
2166,持续时态,未完成体,537,dev
2167,持续时态,渐进时态,537,dev
2168,双亲之一,父,539,dev
2169,双亲之一,收养者,539,dev
2170,双亲之一,妈妈,539,dev
2171,父,爸,539,dev
2172,法律系统,行政法,540,dev
2173,态度,举止,542,dev
2174,苍蝇,家蝇,543,dev
2175,苍蝇,寄蝇,543,dev
2176,苍蝇,角蝇,543,dev
2177,苍蝇,牛虻,543,dev
2178,苍蝇,蜂虻,543,dev
2179,苍蝇,肉蝇,543,dev
2180,苍蝇,丽蝇,543,dev
2181,苍蝇,孑孓蝇,543,dev
2182,牛虻,狂蝇,543,dev
2183,牛虻,皮瘤蝇,543,dev
2184,牛虻,虻,543,dev
2185,丽蝇,丽蝇,543,dev
2186,丽蝇,蓝丽蝇,543,dev
2187,狂蝇,马胃蝇,543,dev
2188,狂蝇,羊狂蝇,543,dev
2189,狂蝇,马蝇,543,dev
2190,二元化合物,氨,544,dev
2191,二元化合物,水,544,dev
2192,二元化合物,氯化钠,544,dev
2193,二元化合物,碳化钙,544,dev
2194,氨,氨盐基,544,dev
2195,水,舱底积水,544,dev
2196,水,淡水,544,dev
2197,水,半融雪,544,dev
2198,水,蒸馏水,544,dev
2199,水,井水,544,dev
2200,水,软水,544,dev
2201,水,洗澡水,544,dev
2202,水,洗盘水,544,dev
2203,水,圣水,544,dev
2204,水,海水,544,dev
2205,氯化钠,岩盐,544,dev
2206,淡水,雨水,544,dev
2207,海水,赤潮,544,dev
2208,图样,旅馆订菜单,548,dev
2209,图样,安排,548,dev
2210,旅馆订菜单,膳宿包定制,548,dev
2211,工厂,啤酒厂,550,dev
2212,工厂,装瓶车间,550,dev
2213,工厂,造币厂,550,dev
2214,工厂,蒸馏酒厂,550,dev
2215,工厂,制造厂,550,dev
2216,制造厂,汽车制造厂,550,dev
2217,制造厂,罐头工厂,550,dev
2218,制造厂,装配场,550,dev
2219,制造厂,锯木场,550,dev
2220,制造厂,化学工厂,550,dev
2221,制造厂,铸造厂,550,dev
2222,装配场,边境加工,550,dev
2223,铸造厂,铸铁厂,550,dev
2224,铸造厂,兵工厂,550,dev
2225,铸造厂,铸钟场,550,dev
2226,坟墓,古埃及墓室,551,dev
2227,坟墓,坟墓,551,dev
2228,坟墓,墓,551,dev
2229,坟墓,土窖,551,dev
2230,坟墓,圣墓,551,dev
2231,侵略者,伏兵,553,dev
2232,厚皮类动物,大象,556,dev
2233,大象,非洲象,556,dev
2234,大象,嵌齿象,556,dev
2235,大象,猛犸,556,dev
2236,大象,亚洲象,556,dev
2237,大象,离群的凶猛野象,556,dev
2238,猛犸,哥伦比亚猛犸象,556,dev
2239,猛犸,猛犸,556,dev
2240,亚洲象,白象,556,dev
2241,医药,医治耳聋的药,562,dev
2242,医药,催吐剂,562,dev
2243,医药,妙方,562,dev
2244,医药,解毒剂,562,dev
2245,医药,洗剂,562,dev
2246,医药,止痛剂,562,dev
2247,催吐剂,吐根,562,dev
2248,解毒剂,阿托品,562,dev
2249,解毒剂,双复磷,562,dev
2250,洗剂,洗眼药,562,dev
2251,洗剂,搽剂,562,dev
2252,洗剂,炉甘石液,562,dev
2253,洗剂,薄荷脑,562,dev
2254,洗剂,黑色洗液,562,dev
2255,阿托品,阿托品,562,dev
2256,海燕,鹈燕,563,dev
2257,海燕,海燕,563,dev
2258,海燕,信天翁,563,dev
2259,海燕,海鸥,563,dev
2260,海燕,南极暴风鹱,563,dev
2261,海燕,白額鸌,563,dev
2262,海燕,巨鹱,563,dev
2263,海燕,黄蹼洋海燕,563,dev
2264,信天翁,漂泊信天翁,563,dev
2265,信天翁,黑脚信天翁,563,dev
2266,海鸥,普通鹱,563,dev
2267,相似,模拟,565,dev
2268,鼬科的动物,水貂,570,dev
2269,鼬科的动物,蜜獾,570,dev
2270,鼬科的动物,水獭,570,dev
2271,鼬科的动物,狐鼬,570,dev
2272,鼬科的动物,艾虎,570,dev
2273,鼬科的动物,黑足鼬,570,dev
2274,鼬科的动物,海獭,570,dev
2275,鼬科的动物,黄鼠狼,570,dev
2276,鼬科的动物,巢鼬,570,dev
2277,鼬科的动物,狼獾,570,dev
2278,鼬科的动物,獾,570,dev
2279,鼬科的动物,貂熊,570,dev
2280,鼬科的动物,臭鼬,570,dev
2281,鼬科的动物,貂,570,dev
2282,水貂,水貂,570,dev
2283,水獭,水獭,570,dev
2284,水獭,北美河獭,570,dev
2285,艾虎,白鼬,570,dev
2286,黄鼠狼,长尾鼬,570,dev
2287,黄鼠狼,白颈鼬,570,dev
2288,黄鼠狼,倭鼬,570,dev
2289,黄鼠狼,伶鼬,570,dev
2290,黄鼠狼,白鼬,570,dev
2291,獾,美洲獾,570,dev
2292,獾,狗獾,570,dev
2293,獾,猪獾,570,dev
2294,獾,鼬獾,570,dev
2295,臭鼬,缟臭鼬,570,dev
2296,臭鼬,东部斑臭鼬,570,dev
2297,臭鼬,白背獾臭鼬,570,dev
2298,臭鼬,冠臭鼬,570,dev
2299,貂,石貂,570,dev
2300,貂,紫貂,570,dev
2301,貂,美洲貂,570,dev
2302,貂,鱼貂,570,dev
2303,貂,松貂,570,dev
2304,貂,青鼬,570,dev
2305,白鼬,鼬,570,dev
2306,白颈鼬,非洲艾鼬,570,dev
2307,白颈鼬,白颈鼬,570,dev
2308,天线,偶极天线,571,dev
2309,天线,定向天线,571,dev
2310,定向天线,截抛物面天线,571,dev
2311,人类学,考古学,573,dev
2312,考古学,亚述学,573,dev
2313,感染的过程,霉菌病,576,dev
2314,霉菌病,念珠菌病,576,dev
2315,霉菌病,皮真菌病,576,dev
2316,霉菌病,角膜真菌病,576,dev
2317,霉菌病,头部鳞癣,576,dev
2318,霉菌病,球霉菌病,576,dev
2319,霉菌病,藻菌病,576,dev
2320,霉菌病,新型隐球菌病,576,dev
2321,霉菌病,芽生菌病,576,dev
2322,霉菌病,鼻孢子虫病,576,dev
2323,霉菌病,孢子丝菌病,576,dev
2324,霉菌病,癣,576,dev
2325,念珠菌病,口腔念珠菌病,576,dev
2326,芽生菌病,产色霉菌病,576,dev
2327,癣,头癣,576,dev
2328,癣,脚气,576,dev
2329,癣,触染性须疮,576,dev
2330,癣,体癣,576,dev
2331,癣,甲癣,576,dev
2332,癣,股癣,576,dev
2333,癣,脓癣,576,dev
2334,人科的动物,北京猿人属,577,dev
2335,人科的动物,南方古猿,577,dev
2336,人科的动物,爪哇猿人属,577,dev
2337,人科的动物,人,577,dev
2338,人科的动物,森林古猿,577,dev
2339,人科的动物,西洼古猿,577,dev
2340,人科的动物,猿人属,577,dev
2341,南方古猿,东非人属,577,dev
2342,南方古猿,阿法南猿,577,dev
2343,南方古猿,非洲南方古猿,577,dev
2344,南方古猿,鲍氏南方古猿,577,dev
2345,南方古猿,粗壮南方古猿,577,dev
2346,南方古猿,傍人属,577,dev
2347,人,爪哇梭罗人,577,dev
2348,人,直立人,577,dev
2349,人,人,577,dev
2350,人,人类,577,dev
2351,人,能人,577,dev
2352,人,尼安德塔人,577,dev
2353,人,博斯科普人,577,dev
2354,人,克罗马努人,577,dev
2355,人,现代人,577,dev
2356,森林古猿,鲁道古猿,577,dev
2357,阿法南猿,露西,577,dev
2358,爪哇梭罗人,棱罗人,577,dev
2359,直立人,北京猿人,577,dev
2360,直立人,爪哇猿人,577,dev
2361,鲑亚目的鱼,三文鱼,578,dev
2362,鲑亚目的鱼,鲑鱼,578,dev
2363,鲑亚目的鱼,嘉鱼,578,dev
2364,三文鱼,银大麻哈鱼,578,dev
2365,三文鱼,大西洋鲑,578,dev
2366,三文鱼,大鳞大马哈鱼,578,dev
2367,三文鱼,大麻哈鱼,578,dev
2368,三文鱼,雄鲑,578,dev
2369,鲑鱼,河鳟,578,dev
2370,鲑鱼,虹鳟,578,dev
2371,鲑鱼,溪红点鲑,578,dev
2372,鲑鱼,湖红点鲑,578,dev
2373,嘉鱼,北极红点鲑,578,dev
2374,大西洋鲑,列氏红点鲑,578,dev
2375,河鳟,海鳟,578,dev
2376,性激素,皮质甾类,580,dev
2377,性激素,雌激素,580,dev
2378,性激素,合成代谢类固醇,580,dev
2379,性激素,男性素,580,dev
2380,性激素,妊娠素,580,dev
2381,皮质甾类,倍他米松,580,dev
2382,皮质甾类,盐皮质激素,580,dev
2383,皮质甾类,糖皮质激素,580,dev
2384,皮质甾类,氢化可的松,580,dev
2385,皮质甾类,可的松,580,dev
2386,皮质甾类,安体舒通,580,dev
2387,雌激素,乙炔雌二醇甲醚,580,dev
2388,雌激素,女性素,580,dev
2389,雌激素,己烷雌酚,580,dev
2390,雌激素,雌二醇,580,dev
2391,雌激素,雌三醇,580,dev
2392,雌激素,乙烯雌酚,580,dev
2393,男性素,睾丸激素,580,dev
2394,男性素,雄甾酮,580,dev
2395,男性素,甲睾酮,580,dev
2396,男性素,诺龙,580,dev
2397,妊娠素,妊娠素,580,dev
2398,妊娠素,炔诺酮,580,dev
2399,妊娠素,甲地孕酮,580,dev
2400,妊娠素,安宫黄体酮,580,dev
2401,妊娠素,异炔诺酮,580,dev
2402,妊娠素,18—甲炔诺酮,580,dev
2403,盐皮质激素,醛固酮,580,dev
2404,糖皮质激素,皮质甾酮,580,dev
2405,糖皮质激素,强的松,580,dev
2406,糖皮质激素,氢化波尼松,580,dev
2407,铜基合金,康铜,581,dev
2408,铜基合金,白铜,581,dev
2409,铜基合金,青铜,581,dev
2410,铜基合金,铝青铜,581,dev
2411,铜基合金,黄铜,581,dev
2412,青铜,阿伐青铜,581,dev
2413,青铜,炮合金,581,dev
2414,青铜,铍青铜,581,dev
2415,青铜,钟铜,581,dev
2416,青铜,磷青铜,581,dev
2417,青铜,硅青铜,581,dev
2418,黄铜,阿伐黄铜,581,dev
2419,黄铜,弹壳黄铜,581,dev
2420,黄铜,红色黄铜,581,dev
2421,黄铜,仿饰金,581,dev
2422,黄铜,蒙次黄铜,581,dev
2423,黄铜,轴承黄铜,581,dev
2424,性病,生殖器疱疹,584,dev
2425,性病,淋病,584,dev
2426,性病,腹股沟肉芽肿,584,dev
2427,性病,梅毒,584,dev
2428,性病,衣原体疾病,584,dev
2429,梅毒,三期梅毒,584,dev
2430,梅毒,神经梅毒,584,dev
2431,梅毒,原发梅毒,584,dev
2432,梅毒,二期梅毒,584,dev
2433,神经梅毒,脊髓痨,584,dev
2434,救济金,患病津贴,585,dev
2435,救济金,伤残抚恤金,585,dev
2436,救济金,死亡保险金,585,dev
2437,抗体,凝集素,588,dev
2438,抗体,同族抗体,588,dev
2439,抗体,猕抗体,588,dev
2440,抗体,嗜异性抗体,588,dev
2441,抗体,自体抗原,588,dev
2442,抗体,单克隆抗体,588,dev
2443,抗体,免疫球蛋白,588,dev
2444,抗体,抗毒素,588,dev
2445,抗体,沉淀素,588,dev
2446,抗体,噬菌素,588,dev
2447,抗体,ABO抗体,588,dev
2448,凝集素,同族凝集素,588,dev
2449,自体抗原,类风湿因子,588,dev
2450,免疫球蛋白,免疫球蛋白G,588,dev
2451,免疫球蛋白,免疫球蛋白M,588,dev
2452,免疫球蛋白,免疫球蛋白A,588,dev
2453,免疫球蛋白,免疫球蛋白E,588,dev
2454,免疫球蛋白,免疫球蛋白D,588,dev
2455,抗毒素,破伤风抗毒素,588,dev
2456,抗毒素,抗蛇毒素,588,dev
2457,免疫球蛋白E,反应抗体,588,dev
2458,时间间隔,周期,597,dev
2459,时间间隔,执行时间,597,dev
2460,时间间隔,时间间隔,597,dev
2461,时间间隔,反应时间,597,dev
2462,时间间隔,无限的时间,597,dev
2463,时间间隔,月潮间隙,597,dev
2464,时间间隔,时间常数,597,dev
2465,时间间隔,间歇,597,dev
2466,时间间隔,潜伏期,597,dev
2467,时间间隔,处理时间,597,dev
2468,时间间隔,中断,597,dev
2469,时间间隔,外出期,597,dev
2470,时间间隔,访问时间,597,dev
2471,时间间隔,广播时隙,597,dev
2472,时间间隔,过渡期间,597,dev
2473,时间间隔,投产准备阶段,597,dev
2474,时间间隔,循环地,597,dev
2475,时间间隔,寻道时间,597,dev
2476,时间间隔,加闰日,597,dev
2477,周期,轨道周期,597,dev
2478,时间常数,弛豫时间,597,dev
2479,间歇,幕间休息,597,dev
2480,处理时间,指令处理时间,597,dev
2481,中断,休息,597,dev
2482,中断,中断,597,dev
2483,中断,停播时间,597,dev
2484,中断,休息时间,597,dev
2485,中断,停顿,597,dev
2486,中断,中场休息,597,dev
2487,中断,信号中断,597,dev
2488,中断,延迟,597,dev
2489,中断,时间段,597,dev
2490,过渡期间,政权空白期,597,dev
2491,寻道时间,寻道时间,597,dev
2492,休息,短暂的休息时间,597,dev
2493,延迟,延缓偿付,597,dev
2494,延迟,延期,597,dev
2495,延迟,延迟程度,597,dev
2496,音响设备,扩音器,598,dev
2497,音响设备,仿鸟声的器具,598,dev
2498,音响设备,钟,598,dev
2499,音响设备,喇叭状助听器,598,dev
2500,钟,牛铃,598,dev
2501,钟,火警铃,598,dev
2502,钟,吃饭的铃声,598,dev
2503,钟,教堂的钟,598,dev
2504,钟,独立钟,598,dev
2505,钟,丧钟,598,dev
2506,钟,电铃,598,dev
2507,帆,前桅大帆,605,dev
2508,帆,主帆,605,dev
2509,帆,中帆,605,dev
2510,帆,前桅帆,605,dev
2511,帆,纵帆,605,dev
2512,帆,前纵帆,605,dev
2513,主帆,主帆,605,dev
2514,纵帆,斜桁帆,605,dev
2515,纵帆,三角帆,605,dev
2516,纵帆,后桅纵帆,605,dev
2517,纵帆,顶帆,605,dev
2518,纵帆,船首三角帆,605,dev
2519,纵帆,斜桁四角帆,605,dev
2520,船首三角帆,飞伸三角帆,605,dev
2521,情感障碍,躁郁症,606,dev
2522,情感障碍,躁狂,606,dev
2523,情感障碍,忧郁症,606,dev
2524,躁郁症,循环性精神病,606,dev
2525,躁狂,发狂,606,dev
2526,忧郁症,内源性抑郁症,606,dev
2527,忧郁症,依赖性抑郁,606,dev
2528,忧郁症,神经性忧郁,606,dev
2529,忧郁症,抑郁性抑郁症,606,dev
2530,忧郁症,迟钝性抑郁症,606,dev
2531,忧郁症,精神病性抑郁,606,dev
2532,忧郁症,激越性抑郁症,606,dev
2533,忧郁症,外源性抑郁,606,dev
2534,忧郁症,重郁发作,606,dev
2535,发狂,入迷,606,dev
2536,发狂,集体歇斯底里,606,dev
2537,重郁发作,更年期忧郁病,606,dev
2538,重郁发作,单向抑郁,606,dev
2539,社会,教化,607,dev
2540,教化,爱琴海诸文明,607,dev
2541,平台,主甲板,609,dev
2542,平台,前甲板,609,dev
2543,平台,上层轻甲板,609,dev
2544,平台,装炮的甲板,609,dev
2545,平台,后甲板,609,dev
2546,平台,露天泳池甲板,609,dev
2547,平台,下甲板,609,dev
2548,平台,飞行甲板,609,dev
2549,纽带,铁丝,610,dev
2550,纽带,包扎工具,610,dev
2551,纽带,链,610,dev
2552,铁丝,有刺的铁丝网,610,dev
2553,铁丝,打包钢丝,610,dev
2554,链,短链,610,dev
2555,链,锚链,610,dev
2556,链,表链,610,dev
2557,链,自行车链条,610,dev
2558,自卫机能,隔离,611,dev
2559,自卫机能,转换,611,dev
2560,自卫机能,退行作用,611,dev
2561,自卫机能,否认,611,dev
2562,自卫机能,文饰作用,611,dev
2563,自卫机能,压抑作用,611,dev
2564,自卫机能,变位,611,dev
2565,自卫机能,理智化,611,dev
2566,自卫机能,心理防御机制,611,dev
2567,自卫机能,代偿,611,dev
2568,自卫机能,理想化,611,dev
2569,自卫机能,反应形成,611,dev
2570,代偿,过度代偿,611,dev
2571,仿真,地球仪,613,dev
2572,仿真,人物,613,dev
2573,仿真,实体模型,613,dev
2574,地球仪,浑天仪,613,dev
2575,人物,塑像,613,dev
2576,人物,人体模型,613,dev
2577,人物,船头雕饰,613,dev
2578,浑天仪,浑天仪,613,dev
2579,人体模型,人体活动模型,613,dev
2580,人体模型,一种小鸟,613,dev
2581,海鲈,多锯鲈,616,dev
2582,海鲈,黑口尖牙鲈,616,dev
2583,海鲈,石斑鱼,616,dev
2584,海鲈,条纹石鮨,616,dev
2585,海鲈,黑海鲈,616,dev
2586,海鲈,岩海鲈,616,dev
2587,石斑鱼,大海鲈,616,dev
2588,石斑鱼,石斑鱼,616,dev
2589,石斑鱼,岩石斑鱼,616,dev
2590,义务,任务,623,dev
2591,义务,工作,623,dev
2592,芳草,当归,624,dev
2593,器官损害,溃疡,627,dev
2594,器官损害,结核节,627,dev
2595,溃疡,消化性溃疡,627,dev
2596,溃疡,侵蚀性溃疡,627,dev
2597,溃疡,坏疽性口炎,627,dev
2598,溃疡,口内炎,627,dev
2599,溃疡,软下疳,627,dev
2600,溃疡,溃疡,627,dev
2601,溃疡,褥疮,627,dev
2602,消化性溃疡,胃溃疡,627,dev
2603,消化性溃疡,十二指肠溃疡,627,dev
2604,医疗建筑,医务室,628,dev
2605,医疗建筑,门诊所,628,dev
2606,医务室,疯人院,628,dev
2607,医务室,传染病医院,628,dev
2608,医务室,孤儿院,628,dev
2609,医务室,产科医院,628,dev
2610,医务室,军事医院,628,dev
2611,门诊所,医务室,628,dev
2612,疯人院,疯人院,628,dev
2613,军事医院,野战医院,628,dev
2614,寄生虫,根瘤蚜,631,dev
2615,寄生虫,木虱,631,dev
2616,寄生虫,球蚜,631,dev
2617,寄生虫,蚜虫,631,dev
2618,寄生虫,栎树病,631,dev
2619,球蚜,匿蚜虫,631,dev
2620,球蚜,云杉瘿球蚜,631,dev
2621,球蚜,松球蚜,631,dev
2622,球蚜,冷杉球蚜,631,dev
2623,蚜虫,绵蚜,631,dev
2624,蚜虫,牙虫的一种,631,dev
2625,蚜虫,苹蚜,631,dev
2626,蚜虫,蚜,631,dev
2627,蚜虫,黑豆蚜,631,dev
2628,绵蚜,苹果绵蚜,631,dev
2629,绵蚜,赤杨绵蚜,631,dev
2630,牙虫的一种,桃蚜,631,dev
2631,牙虫的一种,苍白菊花蚜虫,631,dev
2632,类人猿,小长臂猿,635,dev
2633,类人猿,猩猩科类人猿,635,dev
2634,小长臂猿,长臂猿,635,dev
2635,小长臂猿,合趾猴,635,dev
2636,猩猩科类人猿,黑猩猩,635,dev
2637,猩猩科类人猿,大猩猩,635,dev
2638,猩猩科类人猿,猩猩,635,dev
2639,黑猩猩,黑脸黑猩猩,635,dev
2640,黑猩猩,施氏黑猩猩,635,dev
2641,黑猩猩,倭猩猩,635,dev
2642,黑猩猩,白脸黑猩猩,635,dev
2643,大猩猩,山地大猩猩,635,dev
2644,大猩猩,银背大猩,635,dev
2645,出生,出生,637,dev
2646,出生,孵化,637,dev
2647,出生,下蛋,637,dev
2648,出生,下小猪,637,dev
2649,出生,生小牛崽,637,dev
2650,出生,分娩,637,dev
2651,出生,自然分娩,637,dev
2652,出生,家庭式分娩法,637,dev
2653,出生,积极分娩,637,dev
2654,分娩,早产,637,dev
2655,自然分娩,拉马兹法,637,dev
2656,历史,传记,639,dev
2657,历史,编年史,639,dev
2658,历史,古代史,639,dev
2659,蚧总科昆虫,介壳虫,643,dev
2660,蚧总科昆虫,水腊虫,643,dev
2661,介壳虫,软蜡蚧,643,dev
2662,介壳虫,白蜡蚧,643,dev
2663,介壳虫,盾蚧,643,dev
2664,介壳虫,胭脂红昆虫,643,dev
2665,水腊虫,康氏粉蚧,643,dev
2666,水腊虫,粉蚧,643,dev
2667,水腊虫,柑桔臀纹粉蚧,643,dev
2668,软蜡蚧,褐软蜡蚧,643,dev
2669,盾蚧,梨圆蚧,643,dev
2670,不洁,污染,645,dev
2671,不洁,弄脏,645,dev
2672,不洁,肮脏,645,dev
2673,不洁,腐败,645,dev
2674,不洁,掺假,645,dev
2675,不洁,掺和,645,dev
2676,污染,水污染,645,dev
2677,污染,空气污染,645,dev
2678,污染,噪声污染,645,dev
2679,污染,热污染,645,dev
2680,污染,生物降解性污染,645,dev
2681,弄脏,灰尘污染,645,dev
2682,空气污染,细尘污染,645,dev
2683,空气污染,烟雾,645,dev
2684,空气污染,工业空气污染,645,dev
2685,空气污染,酸雨,645,dev
2686,空气污染,毒气,645,dev
2687,抽筋,颌痉挛,646,dev
2688,抽筋,角弓反张,646,dev
2689,抽筋,里急后重,646,dev
2690,抽筋,肌肉抽筋,646,dev
2691,抽筋,肌阵挛,646,dev
2692,抽筋,牙关紧闭症,646,dev
2693,抽筋,抽筋,646,dev
2694,抽筋,脸痉挛,646,dev
2695,抽筋,抽搐,646,dev
2696,抽筋,睑痉挛,646,dev
2697,抽筋,纤维性颤动,646,dev
2698,抽筋,肌束颤搐,646,dev
2699,纤维性颤动,心室颤动,646,dev
2700,纤维性颤动,心房颤动,646,dev
2701,爆发,空中爆炸,647,test
2702,爆发,爆炸,647,test
2703,精神失常,不理智,648,test
2704,精神失常,痴呆,648,test
2705,精神失常,癫狂,648,test
2706,精神失常,失衡,648,test
2707,精神失常,愤怒,648,test
2708,痴呆,早老性痴呆,648,test
2709,痴呆,酒毒性痴呆,648,test
2710,痴呆,老人期精神病,648,test
2711,早老性痴呆,年性痴呆,648,test
2712,早老性痴呆,皮克病,648,test
2713,装甲板,腹甲,651,test
2714,装甲板,护喉甲胄,651,test
2715,装甲板,护肘,651,test
2716,装甲板,肩甲,651,test
2717,装甲板,护膝甲,651,test
2718,装甲板,臂章,651,test
2719,装甲板,后挡板,651,test
2720,装甲板,胸铠,651,test
2721,装甲板,护腿甲,651,test
2722,装甲板,护面甲,651,test
2723,装甲板,护胫,651,test
2724,装甲板,帽盔,651,test
2725,装甲板,马盔,651,test
2726,帽盔,中世纪高顶盔,651,test
2727,帽盔,头盔,651,test
2728,帽盔,大头盔,651,test
2729,帽盔,盔,651,test
2730,帽盔,一种轻钢盔,651,test
2731,子囊菌,盘菌,652,test
2732,子囊菌,子囊真菌,652,test
2733,子囊菌,麦角菌,652,test
2734,盘菌,红白毛杯菌,652,test
2735,盘菌,润滑锤舌菌,652,test
2736,盘菌,橙黄网孢盘菌,652,test
2737,教学,演讲,653,test
2738,教学,一堂课,653,test
2739,医疗者,减轻者,654,test
2740,纹章,盾徽,655,test
2741,纹章,纹章模型,655,test
2742,纹章模型,小环,655,test
2743,纹章模型,鸢尾,655,test
2744,餐具,勺,657,test
2745,餐具,叉,657,test
2746,勺,点心用匙,657,test
2747,叉,切肉餐叉,657,test
2748,旋律,主题,658,test
2749,失去自我控制,休克,660,test
2750,失去自我控制,中暑,660,test
2751,失去自我控制,神经衰弱,660,test
2752,休克,障碍性休克,660,test
2753,休克,失血性休克,660,test
2754,休克,胰岛素反应,660,test
2755,休克,心源性休克,660,test
2756,中暑,虚脱,660,test
2757,中暑,中暑,660,test
2758,神经衰弱,神经衰弱,660,test
2759,计算器,便携式计算器,661,test
2760,计算器,加数器,661,test
2761,计算器,加法器,661,test
2762,计算器,计数器,661,test
2763,计算器,算盘,661,test
2764,小猎狗,澳大利亚㹴,663,test
2765,小猎狗,爱尔兰㹴,663,test
2766,小猎狗,矮脚狄文㹴,663,test
2767,小猎狗,博德猎狐犬,663,test
2768,小猎狗,艾尔达犬,663,test
2769,小猎狗,凯利蓝㹴,663,test
2770,小猎狗,猎狐犬,663,test
2771,小猎狗,贝德林顿猎狗,663,test
2772,小猎狗,约克郡犬,663,test
2773,小猎狗,西部高地白㹴,663,test
2774,小猎狗,叭喇狗,663,test
2775,小猎狗,挪威㹴,663,test
2776,小猎狗,捕鼠梗犬,663,test
2777,小猎狗,凯恩㹴狗,663,test
2778,小猎狗,爱尔兰软毛㹴,663,test
2779,小猎狗,波士顿狗,663,test
2780,小猎狗,斯凯狗,663,test
2781,小猎狗,西藏㹴,663,test
2782,小猎狗,诺福克㹴,663,test
2783,小猎狗,髯狗,663,test
2784,小猎狗,丝毛㹴,663,test
2785,小猎狗,西藏小狗,663,test
2786,小猎狗,苏格兰种狗,663,test
2787,小猎狗,刚毛猎狐㹴,663,test
2788,猎狐犬,硬毛猎狐㹴,663,test
2789,猎狐犬,短毛猎狐㹴,663,test
2790,叭喇狗,斯塔福德狗,663,test
2791,叭喇狗,斯塔福郡狗,663,test
2792,捕鼠梗犬,曼彻斯特狗,663,test
2793,髯狗,标准雪纳瑞犬,663,test
2794,髯狗,巨斯那策狼犬,663,test
2795,髯狗,小种髯狗,663,test
2796,刚毛猎狐㹴,威尔士㹴,663,test
2797,刚毛猎狐㹴,湖区矮犬,663,test
2798,威尔士㹴,锡利哈姆犬,663,test
2799,晶石,长石,664,test
2800,长石,正长石,664,test
2801,长石,中长石,664,test
2802,中长石,纳长石,664,test
2803,中长石,钙长石,664,test
2804,政体,宫廷,665,test
2805,政体,旧体制,665,test
2806,连接,接触,666,test
2807,连接,阻挡带,666,test
2808,连接,接合处,666,test
2809,接触,短路,666,test
2810,接触,断电触点,666,test
2811,接触,电气插头,666,test
2812,接合处,夹角接,666,test
2813,接合处,对接,666,test
2814,接合处,榫接,666,test
2815,接合处,柔性接头,666,test
2816,接合处,搭接处,666,test
2817,接合处,绞链关节,666,test
2818,接合处,球窝接头,666,test
2819,对接,对接焊,666,test
2820,对接,夹板接合,666,test
2821,榫接,鸽尾结合,666,test
2822,柔性接头,门的铰链,666,test
2823,内驱力,渴望,667,test
2824,内驱力,性冲动,667,test
2825,内驱力,低氧,667,test
2826,内驱力,口渴,667,test
2827,渴望,空腹,667,test
2828,渴望,营养不良,667,test
2829,渴望,大胃口,667,test
2830,渴望,挨饿状态,667,test
2831,渴望,摄食过度,667,test
2832,低氧,氧不足,667,test
2833,低氧,缺血性缺氧,667,test
2834,低氧,乏氧性缺氧,667,test
2835,低氧,高空病,667,test
2836,低氧,窒息,667,test
2837,低氧,贫血性缺氧,667,test
2838,口渴,烦渴,667,test
2839,口渴,脱水,667,test
2840,氧不足,缺血性缺氧,667,test
2841,氧不足,乏氧性缺氧,667,test
2842,氧不足,贫血性缺氧,667,test
2843,高空病,山岳病,667,test
2844,发射,场发射,668,test
2845,发射,光电发射,668,test
2846,发射,放射,668,test
2847,发射,热电子发射,668,test
2848,合并,结合,669,test
2849,合并,类并,669,test
2850,合并,结为一体,669,test
2851,合并,紧密的结合,669,test
2852,合并,挽,669,test
2853,合并,关联,669,test
2854,结为一体,同盟,669,test
2855,结为一体,同盟化,669,test
2856,挽,接触状态,669,test
2857,挽,互相连络,669,test
2858,挽,连结,669,test
2859,挽,凝聚,669,test
2860,接触状态,接触,669,test
2861,凝聚,协调,669,test
2862,凝聚,连续性,669,test
2863,啤酒,麦芽啤酒,674,test
2864,激进分子,恐怖主义者,677,test
2865,激进分子,无政府主义者,677,test
2866,允许,接受,678,test
2867,允许,赞赏,678,test
2868,赞赏,偶像化,678,test
2869,细胞毒害药物,抗肿瘤药,679,test
2870,抗肿瘤药,代谢拮抗物,679,test
2871,抗肿瘤药,天门冬酰胺酶,679,test
2872,抗肿瘤药,抗瘤抗生素,679,test
2873,抗肿瘤药,环己亚硝脲,679,test
2874,抗肿瘤药,左旋溶肉瘤素,679,test
2875,抗肿瘤药,氟尿苷,679,test
2876,代谢拮抗物,氟脲嘧啶,679,test
2877,代谢拮抗物,氨甲喋呤,679,test
2878,代谢拮抗物,巯嘌呤,679,test
2879,抗瘤抗生素,光神霉素,679,test
2880,工业生产,分馏法,682,test
2881,工业生产,艾奇逊法,682,test
2882,工业生产,哈伯制氨法,682,test
2883,工业生产,苏威进程,682,test
2884,工业生产,贝塞麦炼钢法,682,test
2885,工业生产,氰化法,682,test
2886,分馏法,分馏作用,682,test
2887,分馏法,分解蒸馏,682,test
2888,分解蒸馏,干馏,682,test
2889,事故,严重的事故,683,test
2890,段,墩身,684,test
2891,段,扇,684,test
2892,段,一截,684,test
2893,段,弯子,684,test
2894,扇,活动翻板,684,test
2895,弯子,急弯,684,test
2896,弯子,急转弯,684,test
2897,弯子,急弯处,684,test
2898,为人,不恭,685,test
2899,为人,挑衅,685,test
2900,挑衅,激怒,685,test
2901,激怒,侵犯性,685,test
2902,入口,入口,688,test
2903,入口,舱门,688,test
2904,入口,拱道,688,test
2905,入口,外面的门,688,test
2906,舱门,安全舱口,688,test
2907,外面的门,后门,688,test
2908,外面的门,两截门,688,test
2909,外面的门,前门,688,test
2910,侮辱,残忍,691,test
2911,侮辱,儿童虐待,691,test
2912,侮辱,残害,691,test
2913,侮辱,儿童忽视,691,test
2914,残忍,刺刑,691,test
2915,残忍,凶恶,691,test
2916,残害,大屠杀,691,test
2917,残害,折磨,691,test
2918,残害,压制,691,test
2919,凶恶,暴行,691,test
2920,凶恶,暴虐,691,test
2921,折磨,折磨,691,test
2922,折磨,吊刑,691,test
2923,化肥,有机肥料,692,test
2924,有机肥料,骨粉,692,test
2925,有机肥料,粪,692,test
2926,有机肥料,海鸟粪,692,test
2927,有机肥料,鱼粉,692,test
2928,有机肥料,印度楝树糕,692,test
2929,粪,马粪,692,test
2930,粪,粪便肥料,692,test
2931,粪,鸡粪肥,692,test
2932,粪,未熟的堆肥,692,test
2933,粪,牛粪肥,692,test
2934,标准度量,测深尺,694,test
2935,标准度量,风力计,694,test
2936,标准度量,深度计,694,test
2937,标准度量,油量计,694,test
2938,减小,减少,695,test
2939,减小,衰落,695,test
2940,减小,变坏,695,test
2941,减小,下跌,695,test
2942,减少,减轻体重法,695,test
2943,减少,头发脱落,695,test
2944,变坏,下降,695,test
2945,头发脱落,秃发,695,test
2946,体操锻炼,倒立,698,test
2947,体操锻炼,双腿回环,698,test
2948,体操锻炼,引体向上,698,test
2949,体操锻炼,吊环,698,test
2950,体操锻炼,剪式跳法,698,test
2951,体操锻炼,水平腾越,698,test
2952,体操锻炼,俯卧式跳高,698,test
2953,体操锻炼,大回环,698,test
2954,吊环,平直垂悬,698,test
2955,吊环,倒悬垂,698,test
2956,吊环,反向垂悬,698,test
2957,吊环,屈体倒悬垂,698,test
2958,吊环,杠杆垂悬,698,test
2959,使腐坏,恶化,700,test
2960,使腐坏,分解,700,test
2961,使腐坏,腐烂,700,test
2962,恶化,侵蚀,700,test
2963,恶化,毁坏,700,test
2964,恶化,磨损,700,test
2965,恶化,老弱,700,test
2966,分解,分裂,700,test
2967,腐烂,溃烂,700,test
2968,毁坏,枯萎,700,test
2969,毁坏,毁灭,700,test
2970,谷物,玉米,701,test
2971,谷物,大米,701,test
2972,炸弹,书信炸弹,702,test
2973,炸弹,多目标炸弹,702,test
2974,炸弹,巡航导弹,702,test
2975,炸弹,手榴弹,702,test
2976,炸弹,汽车炸弹,702,test
2977,炸弹,小炸弹,702,test
2978,炸弹,毒气炮弹,702,test
2979,炸弹,杀伤炸弹,702,test
2980,炸弹,原子弹,702,test
2981,炸弹,深水炸弹,702,test
2982,炸弹,炮弹,702,test
2983,炸弹,自由下落炸弹,702,test
2984,炸弹,化学炸弹,702,test
2985,炸弹,公文包炸弹,702,test
2986,炸弹,气球炸弹,702,test
2987,炸弹,兆吨炸弹,702,test
2988,炸弹,氢弹,702,test
2989,炸弹,燃烧弹,702,test
2990,炸弹,电子炸弹,702,test
2991,炸弹,榴霰弹,702,test
2992,多目标炸弹,巨型炸弹,702,test
2993,手榴弹,手榴弹,702,test
2994,杀伤炸弹,炸弹巨无霸,702,test
2995,原子弹,低污染核弹,702,test
2996,原子弹,原子弹,702,test
2997,阻塞物,枪闩,705,test
2998,豆荚,发痒黧豆,707,test
2999,感觉缺失,局部麻醉,708,test
3000,感觉缺失,冷觉缺失,708,test
3001,感觉缺失,全身麻醉,708,test
3002,感觉缺失,传导麻醉,708,test
3003,感觉缺失,区域阻滞麻醉,708,test
3004,感觉缺失,表面麻醉,708,test
3005,全身麻醉,半麻醉,708,test
3006,全身麻醉,吸入麻醉,708,test
3007,区域阻滞麻醉,宫颈旁阻滞术,708,test
3008,区域阻滞麻醉,硬膜外麻醉,708,test
3009,区域阻滞麻醉,尾椎麻醉,708,test
3010,区域阻滞麻醉,冷觉缺失,708,test
3011,区域阻滞麻醉,脊椎麻醉,708,test
3012,脊椎麻醉,脊髓麻醉,708,test
3013,目标,意图,714,test
3014,目标,目标,714,test
3015,遮光物,帘子,715,test
3016,帘子,垂幕,715,test
3017,自然法,原则,717,test
3018,原则,推理原则,717,test
3019,鲉鱼,鲂鱼,718,test
3020,鲉鱼,豹鲂鮄,718,test
3021,鲉鱼,鲉科鱼,718,test
3022,鲉鱼,六线鱼,718,test
3023,鲉鱼,圆鳍鱼,718,test
3024,鲉鱼,杜父鱼,718,test
3025,鲉鱼,鲬鱼,718,test
3026,鲉鱼,八角鱼,718,test
3027,鲉鱼,长齿鱼,718,test
3028,鲉鱼,狮子鱼,718,test
3029,鲂鱼,鲂鮄鱼,718,test
3030,鲂鱼,鲂鮄,718,test
3031,鲉科鱼,岩鱼,718,test
3032,鲉科鱼,锯鲉,718,test
3033,鲉科鱼,蓑,718,test
3034,鲉科鱼,石鱼,718,test
3035,六线鱼,多棘单线鱼,718,test
3036,圆鳍鱼,圆鳍鱼科的鱼,718,test
3037,杜父鱼,杜父鱼,718,test
3038,杜父鱼,鰕虎鱼,718,test
3039,杜父鱼,美洲杜父鱼,718,test
3040,八角鱼,单鳍八角鱼,718,test
3041,八角鱼,八角鱼,718,test
3042,岩鱼,红色石鱼,718,test
3043,岩鱼,平鮋,718,test
3044,岩鱼,铜平鲉,718,test
3045,脑病,克雅氏病,720,test
3046,脑病,运动性失写,720,test
3047,脑病,帕金森氏症,720,test
3048,脑病,连贯表意不能,720,test
3049,脑病,失语症,720,test
3050,脑病,癫痫,720,test
3051,脑病,认识不能,720,test
3052,脑病,雷氏症候群,720,test
3053,脑病,尼克脑病,720,test
3054,脑病,大脑性麻痹,720,test
3055,失语症,视觉性失语症,720,test
3056,失语症,完全性失语,720,test
3057,失语症,尼克失语,720,test
3058,失语症,经皮质性失语,720,test
3059,失语症,传导型失语症,720,test
3060,失语症,听觉性失语,720,test
3061,失语症,命名性失语,720,test
3062,失语症,运动性失语,720,test
3063,癫痫,癫痫持续状态,720,test
3064,癫痫,焦点性癫痫,720,test
3065,癫痫,肌阵挛癫痫,720,test
3066,癫痫,反射性癫痫,720,test
3067,癫痫,强直性癫痫,720,test
3068,癫痫,癫痫大发作,720,test
3069,癫痫,前奔性癫痫,720,test
3070,癫痫,癫痫运动不能,720,test
3071,癫痫,外伤后癫痫,720,test
3072,认识不能,听觉辨识缺陷,720,test
3073,认识不能,视觉失认症,720,test
3074,认识不能,实体感觉丧失,720,test
3075,焦点性癫痫,感觉性癫痫,720,test
3076,焦点性癫痫,杰克逊癫痫,720,test
3077,反射性癫痫,光原性癫痫,720,test
3078,反射性癫痫,音乐性癫痫,720,test
3079,双簧,英国低音号,721,test
3080,双簧,低音管,721,test
3081,双簧,双簧弯管,721,test
3082,低音管,倍低音巴松笛,721,test
3083,社交聚会,招待会,722,test
3084,招待会,家庭招待会,722,test
3085,过滤器,滤水池,724,test
3086,过滤器,玻璃丝,724,test
3087,过滤器,细菌滤床,724,test
3088,过滤器,滤气器,724,test
3089,过滤器,滤光器,724,test
3090,过滤器,咖啡滤纸,724,test
3091,过滤器,硅藻土,724,test
3092,过滤器,柴油滤清器,724,test
3093,滤气器,过滤嘴,724,test
3094,注册簿,存货价值,725,test
3095,注册簿,工资名单,725,test
3096,注册簿,清算账目,725,test
3097,清算账目,贷方,725,test
3098,清算账目,借方,725,test
3099,清算账目,复审,725,test
3100,清算账目,会计分录,725,test
3101,清算账目,已审定项目,725,test
3102,清算账目,现金制,725,test
3103,清算账目,统驭账目,725,test
3104,清算账目,应计制,725,test
3105,复审,分析复核,725,test
3106,会计分录,调整记录,725,test
3107,会计分录,借方分录,725,test
3108,会计分录,贷方分录,725,test
3109,已审定项目,有限审计,725,test
3110,凸状,瘤,726,test
3111,凸状,凸出,726,test
3112,凸状,弧面,726,test
3113,凸状,尖头,726,test
3114,凸状,圆柱收分曲线,726,test
3115,凸状,脊,726,test
3116,瘤,小坡,726,test
3117,瘤,凸起部分,726,test
3118,瘤,尖利物,726,test
3119,瘤,头状突起,726,test
3120,瘤,疣,726,test
3121,瘤,小块,726,test
3122,凸出,瘤,726,test
3123,凸出,舌,726,test
3124,凸出,刺,726,test
3125,凸出,尾端,726,test
3126,尖头,脓肿头,726,test
3127,脊,皱状,726,test
3128,缝隙,木头上的长裂缝,727,test
3129,儿子或女儿,军人之子,729,test
3130,儿子或女儿,娃娃,729,test
3131,时候,时钟时间,730,test
3132,时候,黄金时段,730,test
3133,时钟时间,交通高峰时间,730,test
3134,时钟时间,傍晚,730,test
3135,时钟时间,关键时刻,730,test
3136,时钟时间,上床时间,730,test
3137,时钟时间,下半夜,730,test
3138,时钟时间,凌晨,730,test
3139,时钟时间,深夜,730,test
3140,时钟时间,吃饭时间,730,test
3141,时钟时间,中午,730,test
3142,时钟时间,祈祷时间,730,test
3143,时钟时间,天亮,730,test
3144,时钟时间,欢乐时光,730,test
3145,时钟时间,祷告时间,730,test
3146,时钟时间,午夜,730,test
3147,时钟时间,下班时间,730,test
3148,傍晚,夜,730,test
3149,上床时间,睡觉时间,730,test
3150,吃饭时间,晚餐时间,730,test
3151,吃饭时间,午餐时间,730,test
3152,吃饭时间,早餐时间,730,test
3153,祈祷时间,第二个祷告时间,730,test
3154,祈祷时间,晨祷,730,test
3155,祈祷时间,第三祷告时,730,test
3156,祈祷时间,第四时祷告仪式,730,test
3157,壳,外皮,731,test
3158,壳,玉米的外壳,731,test
3159,壳,苞,731,test
3160,外皮,壳,731,test
3161,苞,佛焰苞,731,test
3162,苞,小苞片,731,test
3163,苞,总苞,731,test
3164,苞,颖片,731,test
3165,颖片,外稃,731,test
3166,高尔夫球棒,铁头球棒,733,test
3167,铁头球棒,5号铁头球棒,733,test
3168,铁头球棒,1号铁杆,733,test
3169,铁头球棒,2号铁头球棒,733,test
3170,铁头球棒,7号铁头球棒,733,test
3171,铁头球棒,长铁头球棒,733,test
3172,温度变化,对流,734,test
3173,温度变化,平流,734,test
3174,温度变化,冷却,734,test
3175,温度变化,加温,734,test
3176,温度变化,气候变化,734,test
3177,冷却,冷冻,734,test
3178,冷却,热散逸,734,test
3179,冷却,凝固,734,test
3180,加温,辐射供暖,734,test
3181,加温,熔化,734,test
3182,加温,沸腾,734,test
3183,加温,热度过高,734,test
3184,加温,感应加热,734,test
3185,加温,全球升温,734,test
3186,凝固,冷冻干燥法,734,test
3187,凝固,结霜,734,test
3188,沸腾,煎煮,734,test
3189,热度过高,堆芯熔毁,734,test
3190,礼服,学位袍,735,test
3191,学位袍,黑色大袖法衣,735,test
3192,杂技,一字马,737,test
3193,杂技,向后弯成圈状,737,test
3194,杂技,侧手翻,737,test
3195,杂技,倒立,737,test
3196,杂技,翻斤斗,737,test
3197,翻斤斗,空翻,737,test
3198,空翻,后手翻,737,test
3199,相互作用,接触,738,test
3200,才能,胜任,740,test
3201,分泌液,乳液,741,test
3202,乳液,印度橡胶,741,test
3203,印度橡胶,泡沫橡胶,741,test
3204,印度橡胶,三叶橡胶,741,test
3205,印度橡胶,低温硫化橡胶,741,test
3206,印度橡胶,硬化橡皮,741,test
3207,申请人,怀抱大志者,752,test
3208,气泡,气泡,753,test
3209,地板蒙布,地毯,756,test
3210,地毯,门口地垫,756,test
3211,地毯,布鲁塞尔地毯,756,test
3212,地毯,库尔德地毯,756,test
3213,地毯,飞毯,756,test
3214,地毯,壁炉前地毯,756,test
3215,地毯,阔幅织物,756,test
3216,地毯,粗毛毯,756,test
3217,恐怖病,单纯恐怖症,758,test
3218,恐怖病,广场恐怖症,758,test
3219,恐怖病,社交恐惧症,758,test
3220,单纯恐怖症,恐水症,758,test
3221,单纯恐怖症,恐怖症恐惧,758,test
3222,单纯恐怖症,雷电恐怖,758,test
3223,单纯恐怖症,电脑恐惧症,758,test
3224,单纯恐怖症,自秽恐怖,758,test
3225,单纯恐怖症,活埋恐怖,758,test
3226,单纯恐怖症,火焰恐怖,758,test
3227,单纯恐怖症,声音恐怖,758,test
3228,单纯恐怖症,不洁恐怖,758,test
3229,单纯恐怖症,死亡恐惧,758,test
3230,单纯恐怖症,光恐怖,758,test
3231,单纯恐怖症,幽闭恐怖症,758,test
3232,单纯恐怖症,黑夜恐怖症,758,test
3233,单纯恐怖症,疼痛恐怖,758,test
3234,单纯恐怖症,恐水病,758,test
3235,单纯恐怖症,恐高症,758,test
3236,单纯恐怖症,十三数恐怖,758,test
3237,单纯恐怖症,新奇恐怖症,758,test
3238,单纯恐怖症,睡眠恐怖,758,test
3239,社交恐惧症,破伤风恐怖,758,test
3240,社交恐惧症,恐男症,758,test
3241,社交恐惧症,仇外,758,test
3242,社交恐惧症,恐伤症,758,test
3243,社交恐惧症,恐女症,758,test
3244,社交恐惧症,学校恐怖症,758,test
3245,不饱和脂肪酸,蓖麻油酸,760,test
3246,不饱和脂肪酸,桐酸,760,test
3247,不饱和脂肪酸,单不饱和脂肪酸,760,test
3248,不饱和脂肪酸,多不饱和脂肪酸,760,test
3249,单不饱和脂肪酸,反油酸,760,test
3250,多不饱和脂肪酸,Ω3脂肪酸,760,test
3251,多不饱和脂肪酸,Ω-6脂肪酸,760,test
3252,Ω3脂肪酸,二十二碳六烯酸,760,test
3253,Ω3脂肪酸,十二碳五烯酸,760,test
3254,Ω3脂肪酸,亚麻酸,760,test
